[11:50:05] ----------------------------------------
[11:50:05] Exception occurred during processing of request from ('10.36.38.174', 55384)
[11:50:05] Traceback (most recent call last):
[11:50:05]   File "C:\Users\1409313\AppData\Local\Programs\Python\Python312\Lib\socketserver.py", line 697, in process_request_thread
[11:50:05]     self.finish_request(request, client_address)
[11:50:05]   File "C:\Users\1409313\AppData\Local\Programs\Python\Python312\Lib\socketserver.py", line 362, in finish_request
[11:50:05]     self.RequestHandlerClass(request, client_address, self)
[11:50:05]   File "C:\Users\1409313\AppData\Local\Programs\Python\Python312\Lib\socketserver.py", line 766, in __init__
[11:50:05]     self.handle()
[11:50:05]   File "C:\Users\1409313\AppData\Local\Programs\Python\Python312\Lib\http\server.py", line 436, in handle
[11:50:05]     self.handle_one_request()
[11:50:05]   File "C:\Users\1409313\AppData\Local\Programs\Python\Python312\Lib\http\server.py", line 424, in handle_one_request
[11:50:05]     method()
[11:50:05]   File "\\tw100049089\00_MyAgent\Roller Mark 背污逐站檢\前後段拆分版\HTA版本\APP.PY", line 70, in do_GET
[11:50:05]     elif path == '/api/machine/map_image':      feol_handler.machine_map_image(self)
[11:50:05]                                                 ^^^^^^^^^^^^^^^^^^^^^^^^^^^^^^^^^^^^
[11:50:05] TypeError: machine_map_image() missing 1 required positional argument: 'params'
[11:50:05] ----------------------------------------
[11:50:20] ----------------------------------------
[11:50:20] Exception occurred during processing of request from ('10.36.38.174', 55387)
[11:50:20] Traceback (most recent call last):
[11:50:20]   File "C:\Users\1409313\AppData\Local\Programs\Python\Python312\Lib\socketserver.py", line 697, in process_request_thread
[11:50:20]     self.finish_request(request, client_address)
[11:50:20]   File "C:\Users\1409313\AppData\Local\Programs\Python\Python312\Lib\socketserver.py", line 362, in finish_request
[11:50:20]     self.RequestHandlerClass(request, client_address, self)
[11:50:20]   File "C:\Users\1409313\AppData\Local\Programs\Python\Python312\Lib\socketserver.py", line 766, in __init__
[11:50:20]     self.handle()
[11:50:20]   File "C:\Users\1409313\AppData\Local\Programs\Python\Python312\Lib\http\server.py", line 436, in handle
[11:50:20]     self.handle_one_request()
[11:50:20]   File "C:\Users\1409313\AppData\Local\Programs\Python\Python312\Lib\http\server.py", line 424, in handle_one_request
[11:50:20]     method()
[11:50:20]   File "\\tw100049089\00_MyAgent\Roller Mark 背污逐站檢\前後段拆分版\HTA版本\APP.PY", line 70, in do_GET
[11:50:20]     elif path == '/api/machine/map_image':      feol_handler.machine_map_image(self)
[11:50:20]                                                 ^^^^^^^^^^^^^^^^^^^^^^^^^^^^^^^^^^^^
[11:50:20] TypeError: machine_map_image() missing 1 required positional argument: 'params'
[11:50:20] ----------------------------------------
[11:50:26] ✅ [FEOL] 資料夾初始化成功
[11:50:26]    TXT_DIR:     \\TW100049089\ml8bc1\逐站檢資料\records
[11:50:26]    PHOTOS_DIR:  \\TW100049089\ml8bc1\逐站檢資料\pic
[11:50:26]    MACHINE_TXT: \\TW100049089\ml8bc1\逐站檢資料\machine\machine_data.txt
[11:50:26] ✅ 機台資料載入完成：9,051 筆，按 y1 排序
[11:50:26] ✅ [BEOL] 資料夾初始化成功
[11:50:26]    BEOL_TXT_DIR:    \\TW100049089\ml8bc1\逐站檢資料\records_beol
[11:50:26]    BEOL_PHOTOS_DIR: \\TW100049089\ml8bc1\逐站檢資料\pic_beol
[11:50:26] [2026-09-23 10:43:46] [INFO] Starting Roller Mark Backend (HTA Mode)
[11:50:26] [2026-09-23 10:43:46] [INFO] FEOL — TXT_DIR: \\TW100049089\ml8bc1\逐站檢資料\records
[11:50:26] [2026-09-23 10:43:46] [INFO] FEOL — PHOTOS:  \\TW100049089\ml8bc1\逐站檢資料\pic
[11:50:26] [2026-09-23 10:43:46] [INFO] BEOL — TXT_DIR: \\TW100049089\ml8bc1\逐站檢資料\records_beol
[11:50:26] [2026-09-23 10:43:46] [INFO] BEOL — PHOTOS:  \\TW100049089\ml8bc1\逐站檢資料\pic_beol
[11:50:26] [2026-09-23 10:43:46] [INFO] HTTP Server ready -> http://localhost:5102
[11:50:26] [2026-09-23 10:43:46] [INFO] Press Ctrl+C to stop
[11:50:26] 
[11:50:26] [2026-09-23 10:57:03] [INFO] code 501, message Unsupported method ('HEAD')
[11:50:27] [2026-09-23 10:57:03] [INFO] "HEAD / HTTP/1.1" 501 -
[11:50:27] [2026-09-23 10:57:04] [INFO] GET /
[11:50:27] [2026-09-23 10:57:04] [INFO] "GET / HTTP/1.1" 200 -
[11:50:27] [2026-09-23 10:57:04] [INFO] HTML served: index.html
[11:50:27] [2026-09-23 10:57:04] [INFO] GET /common.js
[11:50:27] [2026-09-23 10:57:04] [INFO] "GET /common.js HTTP/1.1" 404 -
[11:50:27] [2026-09-23 10:57:05] [INFO] GET /feol.html
[11:50:27] [2026-09-23 10:57:05] [INFO] "GET /feol.html HTTP/1.1" 200 -
[11:50:27] [2026-09-23 10:57:05] [INFO] HTML served: feol.html
[11:50:27] [2026-09-23 10:57:06] [INFO] GET /feol/feol.css
[11:50:27] [2026-09-23 10:57:06] [INFO] GET /feol/feol_common.js
[11:50:27] [2026-09-23 10:57:06] [INFO] GET /feol/feol_keyin.js
[11:50:27] [2026-09-23 10:57:06] [INFO] GET /feol/feol_photo.js
[11:50:27] [2026-09-23 10:57:06] [INFO] GET /feol/feol_search.js
[11:50:27] [2026-09-23 10:57:06] [INFO] GET /feol/feol_import.js
[11:50:27] [2026-09-23 10:57:06] [INFO] "GET /feol/feol.css HTTP/1.1" 200 -
[11:50:27] [2026-09-23 10:57:06] [INFO] Static served: feol/feol.css
[11:50:27] [2026-09-23 10:57:06] [INFO] "GET /feol/feol_common.js HTTP/1.1" 200 -
[11:50:27] [2026-09-23 10:57:06] [INFO] Static served: feol/feol_common.js
[11:50:27] [2026-09-23 10:57:06] [INFO] "GET /feol/feol_keyin.js HTTP/1.1" 200 -
[11:50:27] [2026-09-23 10:57:06] [INFO] Static served: feol/feol_keyin.js
[11:50:27] [2026-09-23 10:57:06] [INFO] "GET /feol/feol_photo.js HTTP/1.1" 200 -
[11:50:27] [2026-09-23 10:57:06] [INFO] Static served: feol/feol_photo.js
[11:50:27] [2026-09-23 10:57:06] [INFO] "GET /feol/feol_import.js HTTP/1.1" 200 -
[11:50:27] [2026-09-23 10:57:06] [INFO] "GET /feol/feol_search.js HTTP/1.1" 200 -
[11:50:27] [2026-09-23 10:57:06] [INFO] Static served: feol/feol_search.js
[11:50:27] [2026-09-23 10:57:06] [INFO] Static served: feol/feol_import.js
[11:50:27] [2026-09-23 10:57:06] [INFO] GET /feol/feol_summary.js
[11:50:27] [2026-09-23 10:57:06] [INFO] GET /feol/feol_mcmap.js
[11:50:27] [2026-09-23 10:57:06] [INFO] "GET /feol/feol_summary.js HTTP/1.1" 200 -
[11:50:27] [2026-09-23 10:57:06] [INFO] GET /feol/feol_bulkedit.js
[11:50:27] [2026-09-23 10:57:06] [INFO] Static served: feol/feol_summary.js
[11:50:27] [2026-09-23 10:57:06] [INFO] "GET /feol/feol_mcmap.js HTTP/1.1" 200 -
[11:50:27] [2026-09-23 10:57:06] [INFO] Static served: feol/feol_mcmap.js
[11:50:27] [2026-09-23 10:57:06] [INFO] "GET /feol/feol_bulkedit.js HTTP/1.1" 200 -
[11:50:27] [2026-09-23 10:57:06] [INFO] Static served: feol/feol_bulkedit.js
[11:50:27] [2026-09-23 10:57:07] [INFO] GET /api/summary/bg_image
[11:50:27] [2026-09-23 10:57:07] [INFO] "GET /api/summary/bg_image HTTP/1.1" 200 -
[11:50:27] [2026-09-23 10:57:07] [FEOL/INFO] ✅ Summary 底圖已送出
[11:50:27] [2026-09-23 10:57:07] [INFO] GET /api/search
[11:50:27] [2026-09-23 10:57:07] [INFO] "GET /api/search?dateFrom=2026-09-18&dateTo=2026-09-23&model=&station=&line=&tc=&level=&empId=&sheetId= HTTP/1.1" 200 -
[11:50:27] [2026-09-23 10:57:07] [INFO] POST /api/machine/match
[11:50:27] [2026-09-23 10:57:07] [FEOL/INFO] 機台比對：506 筆，tolerance=1.0cm
[11:50:27] [2026-09-23 10:57:07] [INFO] "POST /api/machine/match HTTP/1.1" 200 -
[11:50:27] [2026-09-23 10:57:08] [INFO] POST /api/check/isnew
[11:50:27] [2026-09-23 10:57:08] [INFO] "POST /api/check/isnew HTTP/1.1" 200 -
[11:50:27] [2026-09-23 11:28:33] [INFO] GET /
[11:50:27] [2026-09-23 11:28:33] [INFO] "GET / HTTP/1.1" 200 -
[11:50:27] [2026-09-23 11:28:33] [INFO] HTML served: index.html
[11:50:27] [2026-09-23 11:28:33] [INFO] GET /common.js
[11:50:27] [2026-09-23 11:28:33] [INFO] "GET /common.js HTTP/1.1" 404 -
[11:50:27] [2026-09-23 11:28:33] [INFO] GET /favicon.ico
[11:50:27] [2026-09-23 11:28:33] [INFO] "GET /favicon.ico HTTP/1.1" 404 -
[11:50:27] [2026-09-23 11:36:45] [INFO] GET /feol.html
[11:50:27] [2026-09-23 11:36:45] [INFO] "GET /feol.html HTTP/1.1" 200 -
[11:50:27] [2026-09-23 11:36:45] [INFO] HTML served: feol.html
[11:50:27] [2026-09-23 11:36:45] [INFO] GET /feol/feol.css
[11:50:27] [2026-09-23 11:36:45] [INFO] GET /feol/feol_common.js
[11:50:27] [2026-09-23 11:36:45] [INFO] GET /feol/feol_keyin.js
[11:50:27] [2026-09-23 11:36:45] [INFO] GET /feol/feol_search.js
[11:50:27] [2026-09-23 11:36:45] [INFO] GET /feol/feol_photo.js
[11:50:27] [2026-09-23 11:36:45] [INFO] GET /feol/feol_import.js
[11:50:27] [2026-09-23 11:36:45] [INFO] "GET /feol/feol_common.js HTTP/1.1" 200 -
[11:50:27] [2026-09-23 11:36:45] [INFO] Static served: feol/feol_common.js
[11:50:27] [2026-09-23 11:36:45] [INFO] "GET /feol/feol.css HTTP/1.1" 200 -
[11:50:27] [2026-09-23 11:36:45] [INFO] Static served: feol/feol.css
[11:50:27] [2026-09-23 11:36:45] [INFO] GET /feol/feol_summary.js
[11:50:27] [2026-09-23 11:36:45] [INFO] "GET /feol/feol_keyin.js HTTP/1.1" 200 -
[11:50:27] [2026-09-23 11:36:45] [INFO] Static served: feol/feol_keyin.js
[11:50:27] [2026-09-23 11:36:45] [INFO] GET /feol/feol_mcmap.js
[11:50:27] [2026-09-23 11:36:45] [INFO] "GET /feol/feol_photo.js HTTP/1.1" 200 -
[11:50:27] [2026-09-23 11:36:45] [INFO] Static served: feol/feol_photo.js
[11:50:27] [2026-09-23 11:36:45] [INFO] GET /feol/feol_bulkedit.js
[11:50:27] [2026-09-23 11:36:45] [INFO] "GET /feol/feol_import.js HTTP/1.1" 200 -
[11:50:27] [2026-09-23 11:36:45] [INFO] Static served: feol/feol_import.js
[11:50:27] [2026-09-23 11:36:45] [INFO] "GET /feol/feol_search.js HTTP/1.1" 200 -
[11:50:27] [2026-09-23 11:36:45] [INFO] Static served: feol/feol_search.js
[11:50:27] [2026-09-23 11:36:45] [INFO] "GET /feol/feol_mcmap.js HTTP/1.1" 200 -
[11:50:27] [2026-09-23 11:36:45] [INFO] Static served: feol/feol_mcmap.js
[11:50:27] [2026-09-23 11:36:45] [INFO] "GET /feol/feol_summary.js HTTP/1.1" 200 -
[11:50:27] [2026-09-23 11:36:45] [INFO] Static served: feol/feol_summary.js
[11:50:27] [2026-09-23 11:36:45] [INFO] "GET /feol/feol_bulkedit.js HTTP/1.1" 200 -
[11:50:27] [2026-09-23 11:36:45] [INFO] Static served: feol/feol_bulkedit.js
[11:50:27] [2026-09-23 11:36:47] [INFO] GET /api/summary/bg_image
[11:50:27] [2026-09-23 11:36:47] [INFO] "GET /api/summary/bg_image HTTP/1.1" 200 -
[11:50:27] [2026-09-23 11:36:47] [FEOL/INFO] ✅ Summary 底圖已送出
[11:50:27] [2026-09-23 11:36:47] [INFO] GET /api/search
[11:50:27] [2026-09-23 11:36:47] [INFO] "GET /api/search?dateFrom=2026-09-18&dateTo=2026-09-23&model=&station=&line=&tc=&level=&empId=&sheetId= HTTP/1.1" 200 -
[11:50:27] [2026-09-23 11:36:47] [INFO] POST /api/machine/match
[11:50:27] [2026-09-23 11:36:47] [FEOL/INFO] 機台比對：506 筆，tolerance=1.0cm
[11:50:27] [2026-09-23 11:36:47] [INFO] POST /api/check/isnew
[11:50:27] [2026-09-23 11:36:47] [INFO] "POST /api/machine/match HTTP/1.1" 200 -
[11:50:27] [2026-09-23 11:36:48] [INFO] "POST /api/check/isnew HTTP/1.1" 200 -
[11:50:27] [2026-09-23 11:44:12] [INFO] code 501, message Unsupported method ('HEAD')
[11:50:27] [2026-09-23 11:44:12] [INFO] "HEAD / HTTP/1.1" 501 -
[11:50:27] [2026-09-23 11:44:12] [INFO] GET /
[11:50:27] [2026-09-23 11:44:13] [INFO] "GET / HTTP/1.1" 200 -
[11:50:27] [2026-09-23 11:44:13] [INFO] HTML served: index.html
[11:50:27] [2026-09-23 11:44:13] [INFO] GET /common.js
[11:50:27] [2026-09-23 11:44:13] [INFO] "GET /common.js HTTP/1.1" 404 -
[11:50:27] [2026-09-23 11:50:04] [INFO] GET /api/machine/all_positions
[11:50:27] [2026-09-23 11:50:04] [INFO] "GET /api/machine/all_positions?tool_id=CKODF502&tool_name=L8B+Pin+Map_ARUC+IN+CV+Roller+Map HTTP/1.1" 200 -
[11:50:27] [2026-09-23 11:50:05] [INFO] GET /api/machine/map_image
[11:50:27] [2026-09-23 11:50:19] [INFO] GET /api/machine/all_positions
[11:50:27] [2026-09-23 11:50:19] [INFO] "GET /api/machine/all_positions?tool_id=CKODF502&tool_name=L8B+Pin+Map_ARUC+OUT+CV+Roller+Map HTTP/1.1" 200 -
[11:50:27] [2026-09-23 11:50:19] [INFO] GET /api/machine/all_positions
[11:50:27] [2026-09-23 11:50:19] [INFO] "GET /api/machine/all_positions?tool_id=CKODF502&tool_name=L8B+Pin+Map_ARUC+IN+CV+Roller+Map HTTP/1.1" 200 -
[11:50:27] [2026-09-23 11:50:20] [INFO] GET /api/machine/map_image
[11:50:27] [2026-09-23 11:50:26] [INFO] GET /api/machine/all_positions
[11:50:27] [2026-09-23 11:50:26] [INFO] "GET /api/machine/all_positions?tool_id=CKODF502&tool_name=L8B+Pin+Map_ARUC+%E6%BF%95%E9%83%A8+Roller+Map HTTP/1.1" 200 -----------------------------------------
[11:50:27] Exception occurred during processing of request from ('10.36.38.174', 55391)
[11:50:27] Traceback (most recent call last):
[11:50:27]   File "C:\Users\1409313\AppData\Local\Programs\Python\Python312\Lib\socketserver.py", line 697, in process_request_thread
[11:50:27]     self.finish_request(request, client_address)
[11:50:27]   File "C:\Users\1409313\AppData\Local\Programs\Python\Python312\Lib\socketserver.py", line 362, in finish_request
[11:50:27]     self.RequestHandlerClass(request, client_address, self)
[11:50:27]   File "C:\Users\1409313\AppData\Local\Programs\Python\Python312\Lib\socketserver.py", line 766, in __init__
[11:50:27]     self.handle()
[11:50:27]   File "C:\Users\1409313\AppData\Local\Programs\Python\Python312\Lib\http\server.py", line 436, in handle
[11:50:27]     self.handle_one_request()
[11:50:27]   File "C:\Users\1409313\AppData\Local\Programs\Python\Python312\Lib\http\server.py", line 424, in handle_one_request
[11:50:27]     method()
[11:50:27]   File "\\tw100049089\00_MyAgent\Roller Mark 背污逐站檢\前後段拆分版\HTA版本\APP.PY", line 70, in do_GET
[11:50:27]     elif path == '/api/machine/map_image':      feol_handler.machine_map_image(self)
[11:50:27]                                                 ^^^^^^^^^^^^^^^^^^^^^^^^^^^^^^^^^^^^
[11:50:27] TypeError: machine_map_image() missing 1 required positional argument: 'params'
[11:50:27] ----------------------------------------
[11:50:27] ----------------------------------------
[11:50:27] Exception occurred during processing of request from ('10.36.38.174', 55392)
[11:50:27] Traceback (most recent call last):
[11:50:27]   File "C:\Users\1409313\AppData\Local\Programs\Python\Python312\Lib\socketserver.py", line 697, in process_request_thread
[11:50:27]     self.finish_request(request, client_address)
[11:50:27]   File "C:\Users\1409313\AppData\Local\Programs\Python\Python312\Lib\socketserver.py", line 362, in finish_request
[11:50:27]     self.RequestHandlerClass(request, client_address, self)
[11:50:27]   File "C:\Users\1409313\AppData\Local\Programs\Python\Python312\Lib\socketserver.py", line 766, in __init__
[11:50:27]     self.handle()
[11:50:27]   File "C:\Users\1409313\AppData\Local\Programs\Python\Python312\Lib\http\server.py", line 436, in handle
[11:50:27]     self.handle_one_request()
[11:50:27]   File "C:\Users\1409313\AppData\Local\Programs\Python\Python312\Lib\http\server.py", line 424, in handle_one_request
[11:50:27]     method()
[11:50:27]   File "\\tw100049089\00_MyAgent\Roller Mark 背污逐站檢\前後段拆分版\HTA版本\APP.PY", line 70, in do_GET
[11:50:27]     elif path == '/api/machine/map_image':      feol_handler.machine_map_image(self)
[11:50:27]                                                 ^^^^^^^^^^^^^^^^^^^^^^^^^^^^^^^^^^^^
[11:50:27] TypeError: machine_map_image() missing 1 required positional argument: 'params'
[11:50:27] ----------------------------------------
[11:51:39] ----------------------------------------
[11:51:39] Exception occurred during processing of request from ('10.36.38.174', 55411)
[11:51:39] Traceback (most recent call last):
[11:51:39]   File "C:\Users\1409313\AppData\Local\Programs\Python\Python312\Lib\socketserver.py", line 697, in process_request_thread
[11:51:39]     self.finish_request(request, client_address)
[11:51:39]   File "C:\Users\1409313\AppData\Local\Programs\Python\Python312\Lib\socketserver.py", line 362, in finish_request
[11:51:39]     self.RequestHandlerClass(request, client_address, self)
[11:51:39]   File "C:\Users\1409313\AppData\Local\Programs\Python\Python312\Lib\socketserver.py", line 766, in __init__
[11:51:39]     self.handle()
[11:51:39]   File "C:\Users\1409313\AppData\Local\Programs\Python\Python312\Lib\http\server.py", line 436, in handle
[11:51:39]     self.handle_one_request()
[11:51:39]   File "C:\Users\1409313\AppData\Local\Programs\Python\Python312\Lib\http\server.py", line 424, in handle_one_request
[11:51:39]     method()
[11:51:39]   File "\\tw100049089\00_MyAgent\Roller Mark 背污逐站檢\前後段拆分版\HTA版本\APP.PY", line 70, in do_GET
[11:51:39]     elif path == '/api/machine/map_image':      feol_handler.machine_map_image(self)
[11:51:39]                                                 ^^^^^^^^^^^^^^^^^^^^^^^^^^^^^^^^^^^^
[11:51:39] TypeError: machine_map_image() missing 1 required positional argument: 'params'
[11:51:39] ----------------------------------------
[11:52:48] ----------------------------------------
[11:52:48] Exception occurred during processing of request from ('10.36.38.174', 55427)
[11:52:48] Traceback (most recent call last):
[11:52:48]   File "C:\Users\1409313\AppData\Local\Programs\Python\Python312\Lib\socketserver.py", line 697, in process_request_thread
[11:52:48]     self.finish_request(request, client_address)
[11:52:48]   File "C:\Users\1409313\AppData\Local\Programs\Python\Python312\Lib\socketserver.py", line 362, in finish_request
[11:52:48]     self.RequestHandlerClass(request, client_address, self)
[11:52:48]   File "C:\Users\1409313\AppData\Local\Programs\Python\Python312\Lib\socketserver.py", line 766, in __init__
[11:52:48]     self.handle()
[11:52:48]   File "C:\Users\1409313\AppData\Local\Programs\Python\Python312\Lib\http\server.py", line 436, in handle
[11:52:48]     self.handle_one_request()
[11:52:48]   File "C:\Users\1409313\AppData\Local\Programs\Python\Python312\Lib\http\server.py", line 424, in handle_one_request
[11:52:48]     method()
[11:52:48]   File "\\tw100049089\00_MyAgent\Roller Mark 背污逐站檢\前後段拆分版\HTA版本\APP.PY", line 70, in do_GET
[11:52:48]     elif path == '/api/machine/map_image':      feol_handler.machine_map_image(self)
[11:52:48]                                                 ^^^^^^^^^^^^^^^^^^^^^^^^^^^^^^^^^^^^
[11:52:48] TypeError: machine_map_image() missing 1 required positional argument: 'params'
[11:52:48] ----------------------------------------
[11:52:48] ----------------------------------------
[11:52:48] Exception occurred during processing of request from ('10.36.38.174', 55428)
[11:52:48] Traceback (most recent call last):
[11:52:48]   File "C:\Users\1409313\AppData\Local\Programs\Python\Python312\Lib\socketserver.py", line 697, in process_request_thread
[11:52:48]     self.finish_request(request, client_address)
[11:52:48]   File "C:\Users\1409313\AppData\Local\Programs\Python\Python312\Lib\socketserver.py", line 362, in finish_request
[11:52:48]     self.RequestHandlerClass(request, client_address, self)
[11:52:48]   File "C:\Users\1409313\AppData\Local\Programs\Python\Python312\Lib\socketserver.py", line 766, in __init__
[11:52:48]     self.handle()
[11:52:48]   File "C:\Users\1409313\AppData\Local\Programs\Python\Python312\Lib\http\server.py", line 436, in handle
[11:52:48]     self.handle_one_request()
[11:52:48]   File "C:\Users\1409313\AppData\Local\Programs\Python\Python312\Lib\http\server.py", line 424, in handle_one_request
[11:52:48]     method()
[11:52:48]   File "\\tw100049089\00_MyAgent\Roller Mark 背污逐站檢\前後段拆分版\HTA版本\APP.PY", line 70, in do_GET
[11:52:48]     elif path == '/api/machine/map_image':      feol_handler.machine_map_image(self)
[11:52:48]                                                 ^^^^^^^^^^^^^^^^^^^^^^^^^^^^^^^^^^^^
[11:52:48] TypeError: machine_map_image() missing 1 required positional argument: 'params'
[11:52:48] ----------------------------------------
[11:55:02] ----------------------------------------
[11:55:02] Exception occurred during processing of request from ('10.36.38.174', 55441)
[11:55:02] Traceback (most recent call last):
[11:55:02]   File "C:\Users\1409313\AppData\Local\Programs\Python\Python312\Lib\socketserver.py", line 697, in process_request_thread
[11:55:02]     self.finish_request(request, client_address)
[11:55:02]   File "C:\Users\1409313\AppData\Local\Programs\Python\Python312\Lib\socketserver.py", line 362, in finish_request
[11:55:02]     self.RequestHandlerClass(request, client_address, self)
[11:55:02]   File "C:\Users\1409313\AppData\Local\Programs\Python\Python312\Lib\socketserver.py", line 766, in __init__
[11:55:02]     self.handle()
[11:55:02]   File "C:\Users\1409313\AppData\Local\Programs\Python\Python312\Lib\http\server.py", line 436, in handle
[11:55:02]     self.handle_one_request()
[11:55:02]   File "C:\Users\1409313\AppData\Local\Programs\Python\Python312\Lib\http\server.py", line 424, in handle_one_request
[11:55:02]     method()
[11:55:02]   File "\\tw100049089\00_MyAgent\Roller Mark 背污逐站檢\前後段拆分版\HTA版本\APP.PY", line 70, in do_GET
[11:55:02]     elif path == '/api/machine/map_image':      feol_handler.machine_map_image(self)
[11:55:02]                                                 ^^^^^^^^^^^^^^^^^^^^^^^^^^^^^^^^^^^^
[11:55:02] TypeError: machine_map_image() missing 1 required positional argument: 'params'
[11:55:02] ----------------------------------------
[13:03:15] ----------------------------------------
[13:03:15] Exception occurred during processing of request from ('10.36.38.174', 55992)
[13:03:15] Traceback (most recent call last):
[13:03:15]   File "C:\Users\1409313\AppData\Local\Programs\Python\Python312\Lib\socketserver.py", line 697, in process_request_thread
[13:03:15]     self.finish_request(request, client_address)
[13:03:15]   File "C:\Users\1409313\AppData\Local\Programs\Python\Python312\Lib\socketserver.py", line 362, in finish_request
[13:03:15]     self.RequestHandlerClass(request, client_address, self)
[13:03:15]   File "C:\Users\1409313\AppData\Local\Programs\Python\Python312\Lib\socketserver.py", line 766, in __init__
[13:03:15]     self.handle()
[13:03:15]   File "C:\Users\1409313\AppData\Local\Programs\Python\Python312\Lib\http\server.py", line 436, in handle
[13:03:15]     self.handle_one_request()
[13:03:15]   File "C:\Users\1409313\AppData\Local\Programs\Python\Python312\Lib\http\server.py", line 424, in handle_one_request
[13:03:15]     method()
[13:03:15]   File "\\tw100049089\00_MyAgent\Roller Mark 背污逐站檢\前後段拆分版\HTA版本\APP.PY", line 70, in do_GET
[13:03:15]     elif path == '/api/machine/map_image':      feol_handler.machine_map_image(self)
[13:03:15]                                                 ^^^^^^^^^^^^^^^^^^^^^^^^^^^^^^^^^^^^
[13:03:15] TypeError: machine_map_image() missing 1 required positional argument: 'params'
[13:03:15] ----------------------------------------

====================================================
[ 啟動於 2026-09-23 13:12:34 ]
====================================================
[13:12:36] ✅ [FEOL] 資料夾初始化成功
[13:12:36]    TXT_DIR:     \\TW100049089\ml8bc1\逐站檢資料\records
[13:12:36]    PHOTOS_DIR:  \\TW100049089\ml8bc1\逐站檢資料\pic
[13:12:36]    MACHINE_TXT: \\TW100049089\ml8bc1\逐站檢資料\machine\machine_data.txt
[13:12:36] ✅ 機台資料載入完成：9,051 筆，按 y1 排序
[13:12:36] ✅ [BEOL] 資料夾初始化成功
[13:12:36]    BEOL_TXT_DIR:    \\TW100049089\ml8bc1\逐站檢資料\records_beol
[13:12:36]    BEOL_PHOTOS_DIR: \\TW100049089\ml8bc1\逐站檢資料\pic_beol
[13:12:36] Traceback (most recent call last):
[13:12:36]   File "\\tw100049089\00_MyAgent\Roller Mark 背污逐站檢\前後段拆分版\HTA版本\APP.PY", line 182, in <module>
[13:12:36]     _hta_logger.register(app)  # HTA auto-middleware
[13:12:36]     ^^^^^^^^^^^^^^^^^^^^
[13:12:36] AttributeError: 'HTALogger' object has no attribute 'register'

====================================================
[ 啟動於 2026-09-23 13:19:02 ]
====================================================
[13:19:04] ✅ [FEOL] 資料夾初始化成功
[13:19:04]    TXT_DIR:     \\TW100049089\ml8bc1\逐站檢資料\records
[13:19:04]    PHOTOS_DIR:  \\TW100049089\ml8bc1\逐站檢資料\pic
[13:19:04]    MACHINE_TXT: \\TW100049089\ml8bc1\逐站檢資料\machine\machine_data.txt
[13:19:04] ✅ 機台資料載入完成：9,051 筆，按 y1 排序
[13:19:04] ✅ [BEOL] 資料夾初始化成功
[13:19:04]    BEOL_TXT_DIR:    \\TW100049089\ml8bc1\逐站檢資料\records_beol
[13:19:04]    BEOL_PHOTOS_DIR: \\TW100049089\ml8bc1\逐站檢資料\pic_beol
[13:19:04] Traceback (most recent call last):
[13:19:04]   File "\\tw100049089\00_MyAgent\Roller Mark 背污逐站檢\前後段拆分版\HTA版本\APP.PY", line 182, in <module>
[13:19:04]     _hta_logger.register(app)  # HTA auto-middleware
[13:19:04]     ^^^^^^^^^^^^^^^^^^^^
[13:19:04] AttributeError: 'HTALogger' object has no attribute 'register'

====================================================
[ 啟動於 2026-09-23 13:28:00 ]
====================================================

====================================================
[ 啟動於 2026-09-23 13:52:50 ]
====================================================
[13:53:32] ----------------------------------------
[13:53:32] Exception occurred during processing of request from ('127.0.0.1', 61715)
[13:53:32] Traceback (most recent call last):
[13:53:32]   File "C:\Users\1409313\AppData\Local\Programs\Python\Python312\Lib\socketserver.py", line 697, in process_request_thread
[13:53:32]     self.finish_request(request, client_address)
[13:53:32]   File "C:\Users\1409313\AppData\Local\Programs\Python\Python312\Lib\socketserver.py", line 362, in finish_request
[13:53:32]     self.RequestHandlerClass(request, client_address, self)
[13:53:32]   File "C:\Users\1409313\AppData\Local\Programs\Python\Python312\Lib\socketserver.py", line 764, in __init__
[13:53:32]     self.setup()
[13:53:32]   File "\\tw100049089\00_MyAgent\Roller Mark 背污逐站檢\前後段拆分版\HTA版本\APP.PY", line 186, in _hta_setup
[13:53:32]     self._hta_t0 = _hta_time.time()
[13:53:32]                    ^^^^^^^^^
[13:53:32] NameError: name '_hta_time' is not defined
[13:53:32] ----------------------------------------
[13:53:33] ----------------------------------------
[13:53:33] Exception occurred during processing of request from ('127.0.0.1', 61716)
[13:53:33] Traceback (most recent call last):
[13:53:33]   File "C:\Users\1409313\AppData\Local\Programs\Python\Python312\Lib\socketserver.py", line 697, in process_request_thread
[13:53:33]     self.finish_request(request, client_address)
[13:53:33]   File "C:\Users\1409313\AppData\Local\Programs\Python\Python312\Lib\socketserver.py", line 362, in finish_request
[13:53:33]     self.RequestHandlerClass(request, client_address, self)
[13:53:33]   File "C:\Users\1409313\AppData\Local\Programs\Python\Python312\Lib\socketserver.py", line 764, in __init__
[13:53:33]     self.setup()
[13:53:33]   File "\\tw100049089\00_MyAgent\Roller Mark 背污逐站檢\前後段拆分版\HTA版本\APP.PY", line 186, in _hta_setup
[13:53:33]     self._hta_t0 = _hta_time.time()
[13:53:33]                    ^^^^^^^^^
[13:53:33] NameError: name '_hta_time' is not defined
[13:53:33] ----------------------------------------
[13:53:34] ----------------------------------------
[13:53:34] Exception occurred during processing of request from ('127.0.0.1', 61720)
[13:53:34] Traceback (most recent call last):
[13:53:34]   File "C:\Users\1409313\AppData\Local\Programs\Python\Python312\Lib\socketserver.py", line 697, in process_request_thread
[13:53:34]     self.finish_request(request, client_address)
[13:53:34]   File "C:\Users\1409313\AppData\Local\Programs\Python\Python312\Lib\socketserver.py", line 362, in finish_request
[13:53:34]     self.RequestHandlerClass(request, client_address, self)
[13:53:34]   File "C:\Users\1409313\AppData\Local\Programs\Python\Python312\Lib\socketserver.py", line 764, in __init__
[13:53:34]     self.setup()
[13:53:34]   File "\\tw100049089\00_MyAgent\Roller Mark 背污逐站檢\前後段拆分版\HTA版本\APP.PY", line 186, in _hta_setup
[13:53:34]     self._hta_t0 = _hta_time.time()
[13:53:34]                    ^^^^^^^^^
[13:53:34] NameError: name '_hta_time' is not defined
[13:53:34] ----------------------------------------
[13:53:35] ----------------------------------------
[13:53:35] Exception occurred during processing of request from ('127.0.0.1', 61721)
[13:53:35] Traceback (most recent call last):
[13:53:35]   File "C:\Users\1409313\AppData\Local\Programs\Python\Python312\Lib\socketserver.py", line 697, in process_request_thread
[13:53:35]     self.finish_request(request, client_address)
[13:53:35]   File "C:\Users\1409313\AppData\Local\Programs\Python\Python312\Lib\socketserver.py", line 362, in finish_request
[13:53:35]     self.RequestHandlerClass(request, client_address, self)
[13:53:35]   File "C:\Users\1409313\AppData\Local\Programs\Python\Python312\Lib\socketserver.py", line 764, in __init__
[13:53:35]     self.setup()
[13:53:35]   File "\\tw100049089\00_MyAgent\Roller Mark 背污逐站檢\前後段拆分版\HTA版本\APP.PY", line 186, in _hta_setup
[13:53:35]     self._hta_t0 = _hta_time.time()
[13:53:35]                    ^^^^^^^^^
[13:53:35] NameError: name '_hta_time' is not defined
[13:53:35] ----------------------------------------
[13:53:36] ----------------------------------------
[13:53:36] Exception occurred during processing of request from ('127.0.0.1', 61724)
[13:53:36] Traceback (most recent call last):
[13:53:36]   File "C:\Users\1409313\AppData\Local\Programs\Python\Python312\Lib\socketserver.py", line 697, in process_request_thread
[13:53:36]     self.finish_request(request, client_address)
[13:53:36]   File "C:\Users\1409313\AppData\Local\Programs\Python\Python312\Lib\socketserver.py", line 362, in finish_request
[13:53:36]     self.RequestHandlerClass(request, client_address, self)
[13:53:36]   File "C:\Users\1409313\AppData\Local\Programs\Python\Python312\Lib\socketserver.py", line 764, in __init__
[13:53:36]     self.setup()
[13:53:36]   File "\\tw100049089\00_MyAgent\Roller Mark 背污逐站檢\前後段拆分版\HTA版本\APP.PY", line 186, in _hta_setup
[13:53:36]     self._hta_t0 = _hta_time.time()
[13:53:36]                    ^^^^^^^^^
[13:53:36] NameError: name '_hta_time' is not defined
[13:53:36] ----------------------------------------
[13:53:37] ----------------------------------------
[13:53:37] Exception occurred during processing of request from ('127.0.0.1', 61733)
[13:53:37] Traceback (most recent call last):
[13:53:37]   File "C:\Users\1409313\AppData\Local\Programs\Python\Python312\Lib\socketserver.py", line 697, in process_request_thread
[13:53:37]     self.finish_request(request, client_address)
[13:53:37]   File "C:\Users\1409313\AppData\Local\Programs\Python\Python312\Lib\socketserver.py", line 362, in finish_request
[13:53:37]     self.RequestHandlerClass(request, client_address, self)
[13:53:37]   File "C:\Users\1409313\AppData\Local\Programs\Python\Python312\Lib\socketserver.py", line 764, in __init__
[13:53:37]     self.setup()
[13:53:37]   File "\\tw100049089\00_MyAgent\Roller Mark 背污逐站檢\前後段拆分版\HTA版本\APP.PY", line 186, in _hta_setup
[13:53:37]     self._hta_t0 = _hta_time.time()
[13:53:37]                    ^^^^^^^^^
[13:53:37] NameError: name '_hta_time' is not defined
[13:53:37] ----------------------------------------
[13:53:38] ----------------------------------------
[13:53:38] Exception occurred during processing of request from ('127.0.0.1', 61735)
[13:53:38] Traceback (most recent call last):
[13:53:38]   File "C:\Users\1409313\AppData\Local\Programs\Python\Python312\Lib\socketserver.py", line 697, in process_request_thread
[13:53:38]     self.finish_request(request, client_address)
[13:53:38]   File "C:\Users\1409313\AppData\Local\Programs\Python\Python312\Lib\socketserver.py", line 362, in finish_request
[13:53:38]     self.RequestHandlerClass(request, client_address, self)
[13:53:38]   File "C:\Users\1409313\AppData\Local\Programs\Python\Python312\Lib\socketserver.py", line 764, in __init__
[13:53:38]     self.setup()
[13:53:38]   File "\\tw100049089\00_MyAgent\Roller Mark 背污逐站檢\前後段拆分版\HTA版本\APP.PY", line 186, in _hta_setup
[13:53:38]     self._hta_t0 = _hta_time.time()
[13:53:38]                    ^^^^^^^^^
[13:53:38] NameError: name '_hta_time' is not defined
[13:53:38] ----------------------------------------
[13:53:39] ----------------------------------------
[13:53:39] Exception occurred during processing of request from ('127.0.0.1', 61741)
[13:53:39] Traceback (most recent call last):
[13:53:39]   File "C:\Users\1409313\AppData\Local\Programs\Python\Python312\Lib\socketserver.py", line 697, in process_request_thread
[13:53:39]     self.finish_request(request, client_address)
[13:53:39]   File "C:\Users\1409313\AppData\Local\Programs\Python\Python312\Lib\socketserver.py", line 362, in finish_request
[13:53:39]     self.RequestHandlerClass(request, client_address, self)
[13:53:39]   File "C:\Users\1409313\AppData\Local\Programs\Python\Python312\Lib\socketserver.py", line 764, in __init__
[13:53:39]     self.setup()
[13:53:39]   File "\\tw100049089\00_MyAgent\Roller Mark 背污逐站檢\前後段拆分版\HTA版本\APP.PY", line 186, in _hta_setup
[13:53:39]     self._hta_t0 = _hta_time.time()
[13:53:39]                    ^^^^^^^^^
[13:53:39] NameError: name '_hta_time' is not defined
[13:53:39] ----------------------------------------
[13:53:40] ----------------------------------------
[13:53:40] Exception occurred during processing of request from ('127.0.0.1', 61749)
[13:53:40] Traceback (most recent call last):
[13:53:40]   File "C:\Users\1409313\AppData\Local\Programs\Python\Python312\Lib\socketserver.py", line 697, in process_request_thread
[13:53:40]     self.finish_request(request, client_address)
[13:53:40]   File "C:\Users\1409313\AppData\Local\Programs\Python\Python312\Lib\socketserver.py", line 362, in finish_request
[13:53:40]     self.RequestHandlerClass(request, client_address, self)
[13:53:40]   File "C:\Users\1409313\AppData\Local\Programs\Python\Python312\Lib\socketserver.py", line 764, in __init__
[13:53:40]     self.setup()
[13:53:40]   File "\\tw100049089\00_MyAgent\Roller Mark 背污逐站檢\前後段拆分版\HTA版本\APP.PY", line 186, in _hta_setup
[13:53:40]     self._hta_t0 = _hta_time.time()
[13:53:40]                    ^^^^^^^^^
[13:53:40] NameError: name '_hta_time' is not defined
[13:53:40] ----------------------------------------
[13:53:41] ----------------------------------------
[13:53:41] Exception occurred during processing of request from ('127.0.0.1', 61766)
[13:53:41] Traceback (most recent call last):
[13:53:41]   File "C:\Users\1409313\AppData\Local\Programs\Python\Python312\Lib\socketserver.py", line 697, in process_request_thread
[13:53:41]     self.finish_request(request, client_address)
[13:53:41]   File "C:\Users\1409313\AppData\Local\Programs\Python\Python312\Lib\socketserver.py", line 362, in finish_request
[13:53:41]     self.RequestHandlerClass(request, client_address, self)
[13:53:41]   File "C:\Users\1409313\AppData\Local\Programs\Python\Python312\Lib\socketserver.py", line 764, in __init__
[13:53:41]     self.setup()
[13:53:41]   File "\\tw100049089\00_MyAgent\Roller Mark 背污逐站檢\前後段拆分版\HTA版本\APP.PY", line 186, in _hta_setup
[13:53:41]     self._hta_t0 = _hta_time.time()
[13:53:41]                    ^^^^^^^^^
[13:53:41] NameError: name '_hta_time' is not defined
[13:53:41] ----------------------------------------
[13:53:42] ----------------------------------------
[13:53:42] Exception occurred during processing of request from ('127.0.0.1', 61767)
[13:53:42] Traceback (most recent call last):
[13:53:42]   File "C:\Users\1409313\AppData\Local\Programs\Python\Python312\Lib\socketserver.py", line 697, in process_request_thread
[13:53:42]     self.finish_request(request, client_address)
[13:53:42]   File "C:\Users\1409313\AppData\Local\Programs\Python\Python312\Lib\socketserver.py", line 362, in finish_request
[13:53:42]     self.RequestHandlerClass(request, client_address, self)
[13:53:42]   File "C:\Users\1409313\AppData\Local\Programs\Python\Python312\Lib\socketserver.py", line 764, in __init__
[13:53:42]     self.setup()
[13:53:42]   File "\\tw100049089\00_MyAgent\Roller Mark 背污逐站檢\前後段拆分版\HTA版本\APP.PY", line 186, in _hta_setup
[13:53:42]     self._hta_t0 = _hta_time.time()
[13:53:42]                    ^^^^^^^^^
[13:53:42] NameError: name '_hta_time' is not defined
[13:53:42] ----------------------------------------
[13:53:43] ----------------------------------------
[13:53:43] Exception occurred during processing of request from ('127.0.0.1', 61771)
[13:53:43] Traceback (most recent call last):
[13:53:43]   File "C:\Users\1409313\AppData\Local\Programs\Python\Python312\Lib\socketserver.py", line 697, in process_request_thread
[13:53:43]     self.finish_request(request, client_address)
[13:53:43]   File "C:\Users\1409313\AppData\Local\Programs\Python\Python312\Lib\socketserver.py", line 362, in finish_request
[13:53:43]     self.RequestHandlerClass(request, client_address, self)
[13:53:43]   File "C:\Users\1409313\AppData\Local\Programs\Python\Python312\Lib\socketserver.py", line 764, in __init__
[13:53:43]     self.setup()
[13:53:43]   File "\\tw100049089\00_MyAgent\Roller Mark 背污逐站檢\前後段拆分版\HTA版本\APP.PY", line 186, in _hta_setup
[13:53:43]     self._hta_t0 = _hta_time.time()
[13:53:43]                    ^^^^^^^^^
[13:53:43] NameError: name '_hta_time' is not defined
[13:53:43] ----------------------------------------
[13:53:44] ----------------------------------------
[13:53:44] Exception occurred during processing of request from ('127.0.0.1', 61778)
[13:53:44] Traceback (most recent call last):
[13:53:44]   File "C:\Users\1409313\AppData\Local\Programs\Python\Python312\Lib\socketserver.py", line 697, in process_request_thread
[13:53:44]     self.finish_request(request, client_address)
[13:53:44]   File "C:\Users\1409313\AppData\Local\Programs\Python\Python312\Lib\socketserver.py", line 362, in finish_request
[13:53:44]     self.RequestHandlerClass(request, client_address, self)
[13:53:44]   File "C:\Users\1409313\AppData\Local\Programs\Python\Python312\Lib\socketserver.py", line 764, in __init__
[13:53:44]     self.setup()
[13:53:44]   File "\\tw100049089\00_MyAgent\Roller Mark 背污逐站檢\前後段拆分版\HTA版本\APP.PY", line 186, in _hta_setup
[13:53:44]     self._hta_t0 = _hta_time.time()
[13:53:44]                    ^^^^^^^^^
[13:53:44] NameError: name '_hta_time' is not defined
[13:53:44] ----------------------------------------
[13:53:45] ----------------------------------------
[13:53:45] Exception occurred during processing of request from ('127.0.0.1', 61779)
[13:53:45] Traceback (most recent call last):
[13:53:45]   File "C:\Users\1409313\AppData\Local\Programs\Python\Python312\Lib\socketserver.py", line 697, in process_request_thread
[13:53:45]     self.finish_request(request, client_address)
[13:53:45]   File "C:\Users\1409313\AppData\Local\Programs\Python\Python312\Lib\socketserver.py", line 362, in finish_request
[13:53:45]     self.RequestHandlerClass(request, client_address, self)
[13:53:45]   File "C:\Users\1409313\AppData\Local\Programs\Python\Python312\Lib\socketserver.py", line 764, in __init__
[13:53:45]     self.setup()
[13:53:45]   File "\\tw100049089\00_MyAgent\Roller Mark 背污逐站檢\前後段拆分版\HTA版本\APP.PY", line 186, in _hta_setup
[13:53:45]     self._hta_t0 = _hta_time.time()
[13:53:45]                    ^^^^^^^^^
[13:53:45] NameError: name '_hta_time' is not defined
[13:53:45] ----------------------------------------
[13:53:46] ----------------------------------------
[13:53:46] Exception occurred during processing of request from ('127.0.0.1', 61780)
[13:53:46] Traceback (most recent call last):
[13:53:46]   File "C:\Users\1409313\AppData\Local\Programs\Python\Python312\Lib\socketserver.py", line 697, in process_request_thread
[13:53:46]     self.finish_request(request, client_address)
[13:53:46]   File "C:\Users\1409313\AppData\Local\Programs\Python\Python312\Lib\socketserver.py", line 362, in finish_request
[13:53:46]     self.RequestHandlerClass(request, client_address, self)
[13:53:46]   File "C:\Users\1409313\AppData\Local\Programs\Python\Python312\Lib\socketserver.py", line 764, in __init__
[13:53:46]     self.setup()
[13:53:46]   File "\\tw100049089\00_MyAgent\Roller Mark 背污逐站檢\前後段拆分版\HTA版本\APP.PY", line 186, in _hta_setup
[13:53:46]     self._hta_t0 = _hta_time.time()
[13:53:46]                    ^^^^^^^^^
[13:53:46] NameError: name '_hta_time' is not defined
[13:53:46] ----------------------------------------
[13:53:47] ----------------------------------------
[13:53:47] Exception occurred during processing of request from ('127.0.0.1', 61781)
[13:53:47] Traceback (most recent call last):
[13:53:47]   File "C:\Users\1409313\AppData\Local\Programs\Python\Python312\Lib\socketserver.py", line 697, in process_request_thread
[13:53:47]     self.finish_request(request, client_address)
[13:53:47]   File "C:\Users\1409313\AppData\Local\Programs\Python\Python312\Lib\socketserver.py", line 362, in finish_request
[13:53:47]     self.RequestHandlerClass(request, client_address, self)
[13:53:47]   File "C:\Users\1409313\AppData\Local\Programs\Python\Python312\Lib\socketserver.py", line 764, in __init__
[13:53:47]     self.setup()
[13:53:47]   File "\\tw100049089\00_MyAgent\Roller Mark 背污逐站檢\前後段拆分版\HTA版本\APP.PY", line 186, in _hta_setup
[13:53:47]     self._hta_t0 = _hta_time.time()
[13:53:47]                    ^^^^^^^^^
[13:53:47] NameError: name '_hta_time' is not defined
[13:53:47] ----------------------------------------
[13:53:48] ----------------------------------------
[13:53:48] Exception occurred during processing of request from ('127.0.0.1', 61784)
[13:53:48] Traceback (most recent call last):
[13:53:48]   File "C:\Users\1409313\AppData\Local\Programs\Python\Python312\Lib\socketserver.py", line 697, in process_request_thread
[13:53:48]     self.finish_request(request, client_address)
[13:53:48]   File "C:\Users\1409313\AppData\Local\Programs\Python\Python312\Lib\socketserver.py", line 362, in finish_request
[13:53:48]     self.RequestHandlerClass(request, client_address, self)
[13:53:48]   File "C:\Users\1409313\AppData\Local\Programs\Python\Python312\Lib\socketserver.py", line 764, in __init__
[13:53:48]     self.setup()
[13:53:48]   File "\\tw100049089\00_MyAgent\Roller Mark 背污逐站檢\前後段拆分版\HTA版本\APP.PY", line 186, in _hta_setup
[13:53:48]     self._hta_t0 = _hta_time.time()
[13:53:48]                    ^^^^^^^^^
[13:53:48] NameError: name '_hta_time' is not defined
[13:53:48] ----------------------------------------
[13:53:49] ----------------------------------------
[13:53:49] Exception occurred during processing of request from ('127.0.0.1', 61800)
[13:53:49] Traceback (most recent call last):
[13:53:49]   File "C:\Users\1409313\AppData\Local\Programs\Python\Python312\Lib\socketserver.py", line 697, in process_request_thread
[13:53:49]     self.finish_request(request, client_address)
[13:53:49]   File "C:\Users\1409313\AppData\Local\Programs\Python\Python312\Lib\socketserver.py", line 362, in finish_request
[13:53:49]     self.RequestHandlerClass(request, client_address, self)
[13:53:49]   File "C:\Users\1409313\AppData\Local\Programs\Python\Python312\Lib\socketserver.py", line 764, in __init__
[13:53:49]     self.setup()
[13:53:49]   File "\\tw100049089\00_MyAgent\Roller Mark 背污逐站檢\前後段拆分版\HTA版本\APP.PY", line 186, in _hta_setup
[13:53:49]     self._hta_t0 = _hta_time.time()
[13:53:49]                    ^^^^^^^^^
[13:53:49] NameError: name '_hta_time' is not defined
[13:53:49] ----------------------------------------
[13:53:50] ----------------------------------------
[13:53:50] Exception occurred during processing of request from ('127.0.0.1', 61802)
[13:53:50] Traceback (most recent call last):
[13:53:50]   File "C:\Users\1409313\AppData\Local\Programs\Python\Python312\Lib\socketserver.py", line 697, in process_request_thread
[13:53:50]     self.finish_request(request, client_address)
[13:53:50]   File "C:\Users\1409313\AppData\Local\Programs\Python\Python312\Lib\socketserver.py", line 362, in finish_request
[13:53:50]     self.RequestHandlerClass(request, client_address, self)
[13:53:50]   File "C:\Users\1409313\AppData\Local\Programs\Python\Python312\Lib\socketserver.py", line 764, in __init__
[13:53:50]     self.setup()
[13:53:50]   File "\\tw100049089\00_MyAgent\Roller Mark 背污逐站檢\前後段拆分版\HTA版本\APP.PY", line 186, in _hta_setup
[13:53:50]     self._hta_t0 = _hta_time.time()
[13:53:50]                    ^^^^^^^^^
[13:53:50] NameError: name '_hta_time' is not defined
[13:53:50] ----------------------------------------
[13:53:51] ----------------------------------------
[13:53:51] Exception occurred during processing of request from ('127.0.0.1', 61803)
[13:53:51] Traceback (most recent call last):
[13:53:51]   File "C:\Users\1409313\AppData\Local\Programs\Python\Python312\Lib\socketserver.py", line 697, in process_request_thread
[13:53:51]     self.finish_request(request, client_address)
[13:53:51]   File "C:\Users\1409313\AppData\Local\Programs\Python\Python312\Lib\socketserver.py", line 362, in finish_request
[13:53:51]     self.RequestHandlerClass(request, client_address, self)
[13:53:51]   File "C:\Users\1409313\AppData\Local\Programs\Python\Python312\Lib\socketserver.py", line 764, in __init__
[13:53:51]     self.setup()
[13:53:51]   File "\\tw100049089\00_MyAgent\Roller Mark 背污逐站檢\前後段拆分版\HTA版本\APP.PY", line 186, in _hta_setup
[13:53:51]     self._hta_t0 = _hta_time.time()
[13:53:51]                    ^^^^^^^^^
[13:53:51] NameError: name '_hta_time' is not defined
[13:53:51] ----------------------------------------
[13:53:52] ----------------------------------------
[13:53:52] Exception occurred during processing of request from ('127.0.0.1', 61804)
[13:53:52] Traceback (most recent call last):
[13:53:52]   File "C:\Users\1409313\AppData\Local\Programs\Python\Python312\Lib\socketserver.py", line 697, in process_request_thread
[13:53:52]     self.finish_request(request, client_address)
[13:53:52]   File "C:\Users\1409313\AppData\Local\Programs\Python\Python312\Lib\socketserver.py", line 362, in finish_request
[13:53:52]     self.RequestHandlerClass(request, client_address, self)
[13:53:52]   File "C:\Users\1409313\AppData\Local\Programs\Python\Python312\Lib\socketserver.py", line 764, in __init__
[13:53:52]     self.setup()
[13:53:52]   File "\\tw100049089\00_MyAgent\Roller Mark 背污逐站檢\前後段拆分版\HTA版本\APP.PY", line 186, in _hta_setup
[13:53:52]     self._hta_t0 = _hta_time.time()
[13:53:52]                    ^^^^^^^^^
[13:53:52] NameError: name '_hta_time' is not defined
[13:53:52] ----------------------------------------
[13:53:53] ----------------------------------------
[13:53:53] Exception occurred during processing of request from ('127.0.0.1', 61812)
[13:53:53] Traceback (most recent call last):
[13:53:53]   File "C:\Users\1409313\AppData\Local\Programs\Python\Python312\Lib\socketserver.py", line 697, in process_request_thread
[13:53:53]     self.finish_request(request, client_address)
[13:53:53]   File "C:\Users\1409313\AppData\Local\Programs\Python\Python312\Lib\socketserver.py", line 362, in finish_request
[13:53:53]     self.RequestHandlerClass(request, client_address, self)
[13:53:53]   File "C:\Users\1409313\AppData\Local\Programs\Python\Python312\Lib\socketserver.py", line 764, in __init__
[13:53:53]     self.setup()
[13:53:53]   File "\\tw100049089\00_MyAgent\Roller Mark 背污逐站檢\前後段拆分版\HTA版本\APP.PY", line 186, in _hta_setup
[13:53:53]     self._hta_t0 = _hta_time.time()
[13:53:53]                    ^^^^^^^^^
[13:53:53] NameError: name '_hta_time' is not defined
[13:53:53] ----------------------------------------
[13:53:54] ----------------------------------------
[13:53:54] Exception occurred during processing of request from ('127.0.0.1', 61820)
[13:53:54] Traceback (most recent call last):
[13:53:54]   File "C:\Users\1409313\AppData\Local\Programs\Python\Python312\Lib\socketserver.py", line 697, in process_request_thread
[13:53:54]     self.finish_request(request, client_address)
[13:53:54]   File "C:\Users\1409313\AppData\Local\Programs\Python\Python312\Lib\socketserver.py", line 362, in finish_request
[13:53:54]     self.RequestHandlerClass(request, client_address, self)
[13:53:54]   File "C:\Users\1409313\AppData\Local\Programs\Python\Python312\Lib\socketserver.py", line 764, in __init__
[13:53:54]     self.setup()
[13:53:54]   File "\\tw100049089\00_MyAgent\Roller Mark 背污逐站檢\前後段拆分版\HTA版本\APP.PY", line 186, in _hta_setup
[13:53:54]     self._hta_t0 = _hta_time.time()
[13:53:54]                    ^^^^^^^^^
[13:53:54] NameError: name '_hta_time' is not defined
[13:53:54] ----------------------------------------
[13:53:55] ----------------------------------------
[13:53:55] Exception occurred during processing of request from ('127.0.0.1', 61821)
[13:53:55] Traceback (most recent call last):
[13:53:55]   File "C:\Users\1409313\AppData\Local\Programs\Python\Python312\Lib\socketserver.py", line 697, in process_request_thread
[13:53:55]     self.finish_request(request, client_address)
[13:53:55]   File "C:\Users\1409313\AppData\Local\Programs\Python\Python312\Lib\socketserver.py", line 362, in finish_request
[13:53:55]     self.RequestHandlerClass(request, client_address, self)
[13:53:55]   File "C:\Users\1409313\AppData\Local\Programs\Python\Python312\Lib\socketserver.py", line 764, in __init__
[13:53:55]     self.setup()
[13:53:55]   File "\\tw100049089\00_MyAgent\Roller Mark 背污逐站檢\前後段拆分版\HTA版本\APP.PY", line 186, in _hta_setup
[13:53:55]     self._hta_t0 = _hta_time.time()
[13:53:55]                    ^^^^^^^^^
[13:53:55] NameError: name '_hta_time' is not defined
[13:53:55] ----------------------------------------
[13:53:56] ----------------------------------------
[13:53:56] Exception occurred during processing of request from ('127.0.0.1', 61826)
[13:53:56] Traceback (most recent call last):
[13:53:56]   File "C:\Users\1409313\AppData\Local\Programs\Python\Python312\Lib\socketserver.py", line 697, in process_request_thread
[13:53:56]     self.finish_request(request, client_address)
[13:53:56]   File "C:\Users\1409313\AppData\Local\Programs\Python\Python312\Lib\socketserver.py", line 362, in finish_request
[13:53:56]     self.RequestHandlerClass(request, client_address, self)
[13:53:56]   File "C:\Users\1409313\AppData\Local\Programs\Python\Python312\Lib\socketserver.py", line 764, in __init__
[13:53:56]     self.setup()
[13:53:56]   File "\\tw100049089\00_MyAgent\Roller Mark 背污逐站檢\前後段拆分版\HTA版本\APP.PY", line 186, in _hta_setup
[13:53:56]     self._hta_t0 = _hta_time.time()
[13:53:56]                    ^^^^^^^^^
[13:53:56] NameError: name '_hta_time' is not defined
[13:53:56] ----------------------------------------
[13:53:57] ----------------------------------------
[13:53:57] Exception occurred during processing of request from ('127.0.0.1', 61830)
[13:53:57] Traceback (most recent call last):
[13:53:57]   File "C:\Users\1409313\AppData\Local\Programs\Python\Python312\Lib\socketserver.py", line 697, in process_request_thread
[13:53:57]     self.finish_request(request, client_address)
[13:53:57]   File "C:\Users\1409313\AppData\Local\Programs\Python\Python312\Lib\socketserver.py", line 362, in finish_request
[13:53:57]     self.RequestHandlerClass(request, client_address, self)
[13:53:57]   File "C:\Users\1409313\AppData\Local\Programs\Python\Python312\Lib\socketserver.py", line 764, in __init__
[13:53:57]     self.setup()
[13:53:57]   File "\\tw100049089\00_MyAgent\Roller Mark 背污逐站檢\前後段拆分版\HTA版本\APP.PY", line 186, in _hta_setup
[13:53:57]     self._hta_t0 = _hta_time.time()
[13:53:57]                    ^^^^^^^^^
[13:53:57] NameError: name '_hta_time' is not defined
[13:53:57] ----------------------------------------
[13:53:58] ----------------------------------------
[13:53:58] Exception occurred during processing of request from ('127.0.0.1', 61831)
[13:53:58] Traceback (most recent call last):
[13:53:58]   File "C:\Users\1409313\AppData\Local\Programs\Python\Python312\Lib\socketserver.py", line 697, in process_request_thread
[13:53:58]     self.finish_request(request, client_address)
[13:53:58]   File "C:\Users\1409313\AppData\Local\Programs\Python\Python312\Lib\socketserver.py", line 362, in finish_request
[13:53:58]     self.RequestHandlerClass(request, client_address, self)
[13:53:58]   File "C:\Users\1409313\AppData\Local\Programs\Python\Python312\Lib\socketserver.py", line 764, in __init__
[13:53:58]     self.setup()
[13:53:58]   File "\\tw100049089\00_MyAgent\Roller Mark 背污逐站檢\前後段拆分版\HTA版本\APP.PY", line 186, in _hta_setup
[13:53:58]     self._hta_t0 = _hta_time.time()
[13:53:58]                    ^^^^^^^^^
[13:53:58] NameError: name '_hta_time' is not defined
[13:53:58] ----------------------------------------
[13:53:59] ----------------------------------------
[13:53:59] Exception occurred during processing of request from ('127.0.0.1', 61842)
[13:53:59] Traceback (most recent call last):
[13:53:59]   File "C:\Users\1409313\AppData\Local\Programs\Python\Python312\Lib\socketserver.py", line 697, in process_request_thread
[13:53:59]     self.finish_request(request, client_address)
[13:53:59]   File "C:\Users\1409313\AppData\Local\Programs\Python\Python312\Lib\socketserver.py", line 362, in finish_request
[13:53:59]     self.RequestHandlerClass(request, client_address, self)
[13:53:59]   File "C:\Users\1409313\AppData\Local\Programs\Python\Python312\Lib\socketserver.py", line 764, in __init__
[13:53:59]     self.setup()
[13:53:59]   File "\\tw100049089\00_MyAgent\Roller Mark 背污逐站檢\前後段拆分版\HTA版本\APP.PY", line 186, in _hta_setup
[13:53:59]     self._hta_t0 = _hta_time.time()
[13:53:59]                    ^^^^^^^^^
[13:53:59] NameError: name '_hta_time' is not defined
[13:53:59] ----------------------------------------
[13:54:00] ----------------------------------------
[13:54:00] Exception occurred during processing of request from ('127.0.0.1', 61846)
[13:54:00] Traceback (most recent call last):
[13:54:00]   File "C:\Users\1409313\AppData\Local\Programs\Python\Python312\Lib\socketserver.py", line 697, in process_request_thread
[13:54:00]     self.finish_request(request, client_address)
[13:54:00]   File "C:\Users\1409313\AppData\Local\Programs\Python\Python312\Lib\socketserver.py", line 362, in finish_request
[13:54:00]     self.RequestHandlerClass(request, client_address, self)
[13:54:00]   File "C:\Users\1409313\AppData\Local\Programs\Python\Python312\Lib\socketserver.py", line 764, in __init__
[13:54:00]     self.setup()
[13:54:00]   File "\\tw100049089\00_MyAgent\Roller Mark 背污逐站檢\前後段拆分版\HTA版本\APP.PY", line 186, in _hta_setup
[13:54:00]     self._hta_t0 = _hta_time.time()
[13:54:00]                    ^^^^^^^^^
[13:54:00] NameError: name '_hta_time' is not defined
[13:54:00] ----------------------------------------
[13:54:01] ----------------------------------------
[13:54:01] Exception occurred during processing of request from ('127.0.0.1', 61848)
[13:54:01] Traceback (most recent call last):
[13:54:01]   File "C:\Users\1409313\AppData\Local\Programs\Python\Python312\Lib\socketserver.py", line 697, in process_request_thread
[13:54:01]     self.finish_request(request, client_address)
[13:54:01]   File "C:\Users\1409313\AppData\Local\Programs\Python\Python312\Lib\socketserver.py", line 362, in finish_request
[13:54:01]     self.RequestHandlerClass(request, client_address, self)
[13:54:01]   File "C:\Users\1409313\AppData\Local\Programs\Python\Python312\Lib\socketserver.py", line 764, in __init__
[13:54:01]     self.setup()
[13:54:01]   File "\\tw100049089\00_MyAgent\Roller Mark 背污逐站檢\前後段拆分版\HTA版本\APP.PY", line 186, in _hta_setup
[13:54:01]     self._hta_t0 = _hta_time.time()
[13:54:01]                    ^^^^^^^^^
[13:54:01] NameError: name '_hta_time' is not defined
[13:54:01] ----------------------------------------
[13:54:03] ----------------------------------------
[13:54:03] Exception occurred during processing of request from ('127.0.0.1', 61856)
[13:54:03] ----------------------------------------
[13:54:03] Exception occurred during processing of request from ('127.0.0.1', 61857)
[13:54:03] Traceback (most recent call last):
[13:54:03]   File "C:\Users\1409313\AppData\Local\Programs\Python\Python312\Lib\socketserver.py", line 697, in process_request_thread
[13:54:03]     self.finish_request(request, client_address)
[13:54:03]   File "C:\Users\1409313\AppData\Local\Programs\Python\Python312\Lib\socketserver.py", line 362, in finish_request
[13:54:03]     self.RequestHandlerClass(request, client_address, self)
[13:54:03]   File "C:\Users\1409313\AppData\Local\Programs\Python\Python312\Lib\socketserver.py", line 764, in __init__
[13:54:03]     self.setup()
[13:54:03]   File "\\tw100049089\00_MyAgent\Roller Mark 背污逐站檢\前後段拆分版\HTA版本\APP.PY", line 186, in _hta_setup
[13:54:03]     self._hta_t0 = _hta_time.time()
[13:54:03]                    ^^^^^^^^^
[13:54:03] NameError: name '_hta_time' is not defined
[13:54:03] ----------------------------------------
[13:54:03] Traceback (most recent call last):
[13:54:03]   File "C:\Users\1409313\AppData\Local\Programs\Python\Python312\Lib\socketserver.py", line 697, in process_request_thread
[13:54:03]     self.finish_request(request, client_address)
[13:54:03]   File "C:\Users\1409313\AppData\Local\Programs\Python\Python312\Lib\socketserver.py", line 362, in finish_request
[13:54:03]     self.RequestHandlerClass(request, client_address, self)
[13:54:03]   File "C:\Users\1409313\AppData\Local\Programs\Python\Python312\Lib\socketserver.py", line 764, in __init__
[13:54:03]     self.setup()
[13:54:03]   File "\\tw100049089\00_MyAgent\Roller Mark 背污逐站檢\前後段拆分版\HTA版本\APP.PY", line 186, in _hta_setup
[13:54:03]     self._hta_t0 = _hta_time.time()
[13:54:03]                    ^^^^^^^^^
[13:54:03] NameError: name '_hta_time' is not defined
[13:54:03] ----------------------------------------
[13:54:03] ----------------------------------------
[13:54:03] Exception occurred during processing of request from ('127.0.0.1', 61858)
[13:54:03] Traceback (most recent call last):
[13:54:03]   File "C:\Users\1409313\AppData\Local\Programs\Python\Python312\Lib\socketserver.py", line 697, in process_request_thread
[13:54:03]     self.finish_request(request, client_address)
[13:54:03]   File "C:\Users\1409313\AppData\Local\Programs\Python\Python312\Lib\socketserver.py", line 362, in finish_request
[13:54:03]     self.RequestHandlerClass(request, client_address, self)
[13:54:04]   File "C:\Users\1409313\AppData\Local\Programs\Python\Python312\Lib\socketserver.py", line 764, in __init__
[13:54:04]     self.setup()
[13:54:04]   File "\\tw100049089\00_MyAgent\Roller Mark 背污逐站檢\前後段拆分版\HTA版本\APP.PY", line 186, in _hta_setup
[13:54:04]     self._hta_t0 = _hta_time.time()
[13:54:04]                    ^^^^^^^^^
[13:54:04] NameError: name '_hta_time' is not defined
[13:54:04] ----------------------------------------
[13:54:05] ----------------------------------------
[13:54:05] Exception occurred during processing of request from ('127.0.0.1', 61868)
[13:54:05] ----------------------------------------
[13:54:05] Exception occurred during processing of request from ('127.0.0.1', 61869)
[13:54:05] Traceback (most recent call last):
[13:54:05]   File "C:\Users\1409313\AppData\Local\Programs\Python\Python312\Lib\socketserver.py", line 697, in process_request_thread
[13:54:05]     self.finish_request(request, client_address)
[13:54:05]   File "C:\Users\1409313\AppData\Local\Programs\Python\Python312\Lib\socketserver.py", line 362, in finish_request
[13:54:05]     self.RequestHandlerClass(request, client_address, self)
[13:54:05]   File "C:\Users\1409313\AppData\Local\Programs\Python\Python312\Lib\socketserver.py", line 764, in __init__
[13:54:05]     self.setup()
[13:54:05]   File "\\tw100049089\00_MyAgent\Roller Mark 背污逐站檢\前後段拆分版\HTA版本\APP.PY", line 186, in _hta_setup
[13:54:05]     self._hta_t0 = _hta_time.time()
[13:54:05]                    ^^^^^^^^^
[13:54:05] NameError: name '_hta_time' is not defined
[13:54:05] ----------------------------------------
[13:54:05] Traceback (most recent call last):
[13:54:05]   File "C:\Users\1409313\AppData\Local\Programs\Python\Python312\Lib\socketserver.py", line 697, in process_request_thread
[13:54:05]     self.finish_request(request, client_address)
[13:54:05]   File "C:\Users\1409313\AppData\Local\Programs\Python\Python312\Lib\socketserver.py", line 362, in finish_request
[13:54:05]     self.RequestHandlerClass(request, client_address, self)
[13:54:05]   File "C:\Users\1409313\AppData\Local\Programs\Python\Python312\Lib\socketserver.py", line 764, in __init__
[13:54:05]     self.setup()
[13:54:05]   File "\\tw100049089\00_MyAgent\Roller Mark 背污逐站檢\前後段拆分版\HTA版本\APP.PY", line 186, in _hta_setup
[13:54:05]     self._hta_t0 = _hta_time.time()
[13:54:05]                    ^^^^^^^^^
[13:54:05] NameError: name '_hta_time' is not defined
[13:54:05] ----------------------------------------
[13:54:05] ----------------------------------------
[13:54:05] Exception occurred during processing of request from ('127.0.0.1', 61870)
[13:54:05] Traceback (most recent call last):
[13:54:05]   File "C:\Users\1409313\AppData\Local\Programs\Python\Python312\Lib\socketserver.py", line 697, in process_request_thread
[13:54:05]     self.finish_request(request, client_address)
[13:54:05]   File "C:\Users\1409313\AppData\Local\Programs\Python\Python312\Lib\socketserver.py", line 362, in finish_request
[13:54:05]     self.RequestHandlerClass(request, client_address, self)
[13:54:05]   File "C:\Users\1409313\AppData\Local\Programs\Python\Python312\Lib\socketserver.py", line 764, in __init__
[13:54:05]     self.setup()
[13:54:05]   File "\\tw100049089\00_MyAgent\Roller Mark 背污逐站檢\前後段拆分版\HTA版本\APP.PY", line 186, in _hta_setup
[13:54:05]     self._hta_t0 = _hta_time.time()
[13:54:05]                    ^^^^^^^^^
[13:54:05] NameError: name '_hta_time' is not defined
[13:54:05] ----------------------------------------
[13:57:10] ----------------------------------------
[13:57:10] Exception occurred during processing of request from ('10.36.38.156', 58781)
[13:57:10] Traceback (most recent call last):
[13:57:10]   File "C:\Users\1409313\AppData\Local\Programs\Python\Python312\Lib\socketserver.py", line 697, in process_request_thread
[13:57:10]     self.finish_request(request, client_address)
[13:57:10]   File "C:\Users\1409313\AppData\Local\Programs\Python\Python312\Lib\socketserver.py", line 362, in finish_request
[13:57:10]     self.RequestHandlerClass(request, client_address, self)
[13:57:10]   File "C:\Users\1409313\AppData\Local\Programs\Python\Python312\Lib\socketserver.py", line 764, in __init__
[13:57:10]     self.setup()
[13:57:10]   File "\\tw100049089\00_MyAgent\Roller Mark 背污逐站檢\前後段拆分版\HTA版本\APP.PY", line 186, in _hta_setup
[13:57:10]     self._hta_t0 = _hta_time.time()
[13:57:10]                    ^^^^^^^^^
[13:57:10] NameError: name '_hta_time' is not defined
[13:57:10] ----------------------------------------
[13:57:10] ----------------------------------------
[13:57:10] Exception occurred during processing of request from ('10.36.38.156', 57573)
[13:57:10] ----------------------------------------
[13:57:10] Exception occurred during processing of request from ('10.36.38.156', 55006)
[13:57:10] Traceback (most recent call last):
[13:57:10]   File "C:\Users\1409313\AppData\Local\Programs\Python\Python312\Lib\socketserver.py", line 697, in process_request_thread
[13:57:10]     self.finish_request(request, client_address)
[13:57:10]   File "C:\Users\1409313\AppData\Local\Programs\Python\Python312\Lib\socketserver.py", line 362, in finish_request
[13:57:10]     self.RequestHandlerClass(request, client_address, self)
[13:57:10]   File "C:\Users\1409313\AppData\Local\Programs\Python\Python312\Lib\socketserver.py", line 764, in __init__
[13:57:10]     self.setup()
[13:57:10]   File "\\tw100049089\00_MyAgent\Roller Mark 背污逐站檢\前後段拆分版\HTA版本\APP.PY", line 186, in _hta_setup
[13:57:10]     self._hta_t0 = _hta_time.time()
[13:57:10]                    ^^^^^^^^^
[13:57:10] NameError: name '_hta_time' is not defined
[13:57:10] ----------------------------------------
[13:57:10] Traceback (most recent call last):
[13:57:10]   File "C:\Users\1409313\AppData\Local\Programs\Python\Python312\Lib\socketserver.py", line 697, in process_request_thread
[13:57:10]     self.finish_request(request, client_address)
[13:57:10]   File "C:\Users\1409313\AppData\Local\Programs\Python\Python312\Lib\socketserver.py", line 362, in finish_request
[13:57:10]     self.RequestHandlerClass(request, client_address, self)
[13:57:10]   File "C:\Users\1409313\AppData\Local\Programs\Python\Python312\Lib\socketserver.py", line 764, in __init__
[13:57:10]     self.setup()
[13:57:10]   File "\\tw100049089\00_MyAgent\Roller Mark 背污逐站檢\前後段拆分版\HTA版本\APP.PY", line 186, in _hta_setup
[13:57:10]     self._hta_t0 = _hta_time.time()
[13:57:10]                    ^^^^^^^^^
[13:57:10] NameError: name '_hta_time' is not defined
[13:57:10] ----------------------------------------
[13:57:10] ----------------------------------------
[13:57:10] Exception occurred during processing of request from ('10.36.38.156', 58920)
[13:57:10] Traceback (most recent call last):
[13:57:10]   File "C:\Users\1409313\AppData\Local\Programs\Python\Python312\Lib\socketserver.py", line 697, in process_request_thread
[13:57:10]     self.finish_request(request, client_address)
[13:57:10]   File "C:\Users\1409313\AppData\Local\Programs\Python\Python312\Lib\socketserver.py", line 362, in finish_request
[13:57:10]     self.RequestHandlerClass(request, client_address, self)
[13:57:10]   File "C:\Users\1409313\AppData\Local\Programs\Python\Python312\Lib\socketserver.py", line 764, in __init__
[13:57:10]     self.setup()
[13:57:10]   File "\\tw100049089\00_MyAgent\Roller Mark 背污逐站檢\前後段拆分版\HTA版本\APP.PY", line 186, in _hta_setup
[13:57:10]     self._hta_t0 = _hta_time.time()
[13:57:10]                    ^^^^^^^^^
[13:57:10] NameError: name '_hta_time' is not defined
[13:57:10] ----------------------------------------
[13:57:11] ----------------------------------------
[13:57:11] Exception occurred during processing of request from ('10.36.38.156', 58889)
[13:57:11] ----------------------------------------
[13:57:11] Exception occurred during processing of request from ('10.36.38.156', 58608)
[13:57:11] Traceback (most recent call last):
[13:57:11]   File "C:\Users\1409313\AppData\Local\Programs\Python\Python312\Lib\socketserver.py", line 697, in process_request_thread
[13:57:11]     self.finish_request(request, client_address)
[13:57:11]   File "C:\Users\1409313\AppData\Local\Programs\Python\Python312\Lib\socketserver.py", line 362, in finish_request
[13:57:11]     self.RequestHandlerClass(request, client_address, self)
[13:57:11]   File "C:\Users\1409313\AppData\Local\Programs\Python\Python312\Lib\socketserver.py", line 764, in __init__
[13:57:11]     self.setup()
[13:57:11]   File "\\tw100049089\00_MyAgent\Roller Mark 背污逐站檢\前後段拆分版\HTA版本\APP.PY", line 186, in _hta_setup
[13:57:11]     self._hta_t0 = _hta_time.time()
[13:57:11]                    ^^^^^^^^^
[13:57:11] NameError: name '_hta_time' is not defined
[13:57:11] ----------------------------------------
[13:57:11] Traceback (most recent call last):
[13:57:11]   File "C:\Users\1409313\AppData\Local\Programs\Python\Python312\Lib\socketserver.py", line 697, in process_request_thread
[13:57:11]     self.finish_request(request, client_address)
[13:57:11]   File "C:\Users\1409313\AppData\Local\Programs\Python\Python312\Lib\socketserver.py", line 362, in finish_request
[13:57:11]     self.RequestHandlerClass(request, client_address, self)
[13:57:11]   File "C:\Users\1409313\AppData\Local\Programs\Python\Python312\Lib\socketserver.py", line 764, in __init__
[13:57:11]     self.setup()
[13:57:11]   File "\\tw100049089\00_MyAgent\Roller Mark 背污逐站檢\前後段拆分版\HTA版本\APP.PY", line 186, in _hta_setup
[13:57:11]     self._hta_t0 = _hta_time.time()
[13:57:11]                    ^^^^^^^^^
[13:57:11] NameError: name '_hta_time' is not defined
[13:57:11] ----------------------------------------
[13:57:11] ----------------------------------------
[13:57:11] Exception occurred during processing of request from ('10.36.38.156', 63213)
[13:57:11] Traceback (most recent call last):
[13:57:11]   File "C:\Users\1409313\AppData\Local\Programs\Python\Python312\Lib\socketserver.py", line 697, in process_request_thread
[13:57:11]     self.finish_request(request, client_address)
[13:57:11]   File "C:\Users\1409313\AppData\Local\Programs\Python\Python312\Lib\socketserver.py", line 362, in finish_request
[13:57:11]     self.RequestHandlerClass(request, client_address, self)
[13:57:11]   File "C:\Users\1409313\AppData\Local\Programs\Python\Python312\Lib\socketserver.py", line 764, in __init__
[13:57:11]     self.setup()
[13:57:11]   File "\\tw100049089\00_MyAgent\Roller Mark 背污逐站檢\前後段拆分版\HTA版本\APP.PY", line 186, in _hta_setup
[13:57:11]     self._hta_t0 = _hta_time.time()
[13:57:11]                    ^^^^^^^^^
[13:57:11] NameError: name '_hta_time' is not defined
[13:57:11] ----------------------------------------
[13:57:25] ----------------------------------------
[13:57:25] Exception occurred during processing of request from ('127.0.0.1', 62037)
[13:57:25] Traceback (most recent call last):
[13:57:25]   File "C:\Users\1409313\AppData\Local\Programs\Python\Python312\Lib\socketserver.py", line 697, in process_request_thread
[13:57:25]     self.finish_request(request, client_address)
[13:57:25]   File "C:\Users\1409313\AppData\Local\Programs\Python\Python312\Lib\socketserver.py", line 362, in finish_request
[13:57:25]     self.RequestHandlerClass(request, client_address, self)
[13:57:25]   File "C:\Users\1409313\AppData\Local\Programs\Python\Python312\Lib\socketserver.py", line 764, in __init__
[13:57:25]     self.setup()
[13:57:25]   File "\\tw100049089\00_MyAgent\Roller Mark 背污逐站檢\前後段拆分版\HTA版本\APP.PY", line 186, in _hta_setup
[13:57:25]     self._hta_t0 = _hta_time.time()
[13:57:25]                    ^^^^^^^^^
[13:57:25] NameError: name '_hta_time' is not defined
[13:57:25] ----------------------------------------
[13:57:26] ----------------------------------------
[13:57:26] Exception occurred during processing of request from ('127.0.0.1', 62038)
[13:57:26] Traceback (most recent call last):
[13:57:26]   File "C:\Users\1409313\AppData\Local\Programs\Python\Python312\Lib\socketserver.py", line 697, in process_request_thread
[13:57:26]     self.finish_request(request, client_address)
[13:57:26]   File "C:\Users\1409313\AppData\Local\Programs\Python\Python312\Lib\socketserver.py", line 362, in finish_request
[13:57:26]     self.RequestHandlerClass(request, client_address, self)
[13:57:26]   File "C:\Users\1409313\AppData\Local\Programs\Python\Python312\Lib\socketserver.py", line 764, in __init__
[13:57:26]     self.setup()
[13:57:26]   File "\\tw100049089\00_MyAgent\Roller Mark 背污逐站檢\前後段拆分版\HTA版本\APP.PY", line 186, in _hta_setup
[13:57:26]     self._hta_t0 = _hta_time.time()
[13:57:26]                    ^^^^^^^^^
[13:57:26] NameError: name '_hta_time' is not defined
[13:57:26] ----------------------------------------
[13:57:27] ----------------------------------------
[13:57:27] Exception occurred during processing of request from ('127.0.0.1', 62039)
[13:57:27] Traceback (most recent call last):
[13:57:27]   File "C:\Users\1409313\AppData\Local\Programs\Python\Python312\Lib\socketserver.py", line 697, in process_request_thread
[13:57:27]     self.finish_request(request, client_address)
[13:57:27]   File "C:\Users\1409313\AppData\Local\Programs\Python\Python312\Lib\socketserver.py", line 362, in finish_request
[13:57:27]     self.RequestHandlerClass(request, client_address, self)
[13:57:27]   File "C:\Users\1409313\AppData\Local\Programs\Python\Python312\Lib\socketserver.py", line 764, in __init__
[13:57:27]     self.setup()
[13:57:27]   File "\\tw100049089\00_MyAgent\Roller Mark 背污逐站檢\前後段拆分版\HTA版本\APP.PY", line 186, in _hta_setup
[13:57:27]     self._hta_t0 = _hta_time.time()
[13:57:27]                    ^^^^^^^^^
[13:57:27] NameError: name '_hta_time' is not defined
[13:57:27] ----------------------------------------
[13:57:27] ----------------------------------------
[13:57:27] Exception occurred during processing of request from ('127.0.0.1', 62041)
[13:57:27] Traceback (most recent call last):
[13:57:27]   File "C:\Users\1409313\AppData\Local\Programs\Python\Python312\Lib\socketserver.py", line 697, in process_request_thread
[13:57:27]     self.finish_request(request, client_address)
[13:57:27]   File "C:\Users\1409313\AppData\Local\Programs\Python\Python312\Lib\socketserver.py", line 362, in finish_request
[13:57:27]     self.RequestHandlerClass(request, client_address, self)
[13:57:27]   File "C:\Users\1409313\AppData\Local\Programs\Python\Python312\Lib\socketserver.py", line 764, in __init__
[13:57:27]     self.setup()
[13:57:27]   File "\\tw100049089\00_MyAgent\Roller Mark 背污逐站檢\前後段拆分版\HTA版本\APP.PY", line 186, in _hta_setup
[13:57:27]     self._hta_t0 = _hta_time.time()
[13:57:27]                    ^^^^^^^^^
[13:57:27] NameError: name '_hta_time' is not defined
[13:57:27] ----------------------------------------
[13:57:28] ----------------------------------------
[13:57:28] Exception occurred during processing of request from ('127.0.0.1', 62042)
[13:57:28] Traceback (most recent call last):
[13:57:28]   File "C:\Users\1409313\AppData\Local\Programs\Python\Python312\Lib\socketserver.py", line 697, in process_request_thread
[13:57:28]     self.finish_request(request, client_address)
[13:57:28]   File "C:\Users\1409313\AppData\Local\Programs\Python\Python312\Lib\socketserver.py", line 362, in finish_request
[13:57:28]     self.RequestHandlerClass(request, client_address, self)
[13:57:28]   File "C:\Users\1409313\AppData\Local\Programs\Python\Python312\Lib\socketserver.py", line 764, in __init__
[13:57:28]     self.setup()
[13:57:28]   File "\\tw100049089\00_MyAgent\Roller Mark 背污逐站檢\前後段拆分版\HTA版本\APP.PY", line 186, in _hta_setup
[13:57:28]     self._hta_t0 = _hta_time.time()
[13:57:28]                    ^^^^^^^^^
[13:57:28] NameError: name '_hta_time' is not defined
[13:57:28] ----------------------------------------
[13:57:28] ----------------------------------------
[13:57:28] Exception occurred during processing of request from ('127.0.0.1', 62043)
[13:57:28] Traceback (most recent call last):
[13:57:28]   File "C:\Users\1409313\AppData\Local\Programs\Python\Python312\Lib\socketserver.py", line 697, in process_request_thread
[13:57:28]     self.finish_request(request, client_address)
[13:57:28]   File "C:\Users\1409313\AppData\Local\Programs\Python\Python312\Lib\socketserver.py", line 362, in finish_request
[13:57:28]     self.RequestHandlerClass(request, client_address, self)
[13:57:28]   File "C:\Users\1409313\AppData\Local\Programs\Python\Python312\Lib\socketserver.py", line 764, in __init__
[13:57:28]     self.setup()
[13:57:28]   File "\\tw100049089\00_MyAgent\Roller Mark 背污逐站檢\前後段拆分版\HTA版本\APP.PY", line 186, in _hta_setup
[13:57:28]     self._hta_t0 = _hta_time.time()
[13:57:28]                    ^^^^^^^^^
[13:57:28] NameError: name '_hta_time' is not defined
[13:57:28] ----------------------------------------
[13:57:29] ----------------------------------------
[13:57:29] Exception occurred during processing of request from ('127.0.0.1', 62044)
[13:57:29] Traceback (most recent call last):
[13:57:29]   File "C:\Users\1409313\AppData\Local\Programs\Python\Python312\Lib\socketserver.py", line 697, in process_request_thread
[13:57:29]     self.finish_request(request, client_address)
[13:57:29]   File "C:\Users\1409313\AppData\Local\Programs\Python\Python312\Lib\socketserver.py", line 362, in finish_request
[13:57:29]     self.RequestHandlerClass(request, client_address, self)
[13:57:29]   File "C:\Users\1409313\AppData\Local\Programs\Python\Python312\Lib\socketserver.py", line 764, in __init__
[13:57:29]     self.setup()
[13:57:29]   File "\\tw100049089\00_MyAgent\Roller Mark 背污逐站檢\前後段拆分版\HTA版本\APP.PY", line 186, in _hta_setup
[13:57:29]     self._hta_t0 = _hta_time.time()
[13:57:29]                    ^^^^^^^^^
[13:57:29] NameError: name '_hta_time' is not defined
[13:57:29] ----------------------------------------
[13:57:29] ----------------------------------------
[13:57:29] Exception occurred during processing of request from ('127.0.0.1', 62045)
[13:57:29] Traceback (most recent call last):
[13:57:29]   File "C:\Users\1409313\AppData\Local\Programs\Python\Python312\Lib\socketserver.py", line 697, in process_request_thread
[13:57:29]     self.finish_request(request, client_address)
[13:57:29]   File "C:\Users\1409313\AppData\Local\Programs\Python\Python312\Lib\socketserver.py", line 362, in finish_request
[13:57:29]     self.RequestHandlerClass(request, client_address, self)
[13:57:29]   File "C:\Users\1409313\AppData\Local\Programs\Python\Python312\Lib\socketserver.py", line 764, in __init__
[13:57:29]     self.setup()
[13:57:29]   File "\\tw100049089\00_MyAgent\Roller Mark 背污逐站檢\前後段拆分版\HTA版本\APP.PY", line 186, in _hta_setup
[13:57:29]     self._hta_t0 = _hta_time.time()
[13:57:29]                    ^^^^^^^^^
[13:57:29] NameError: name '_hta_time' is not defined
[13:57:29] ----------------------------------------
[13:57:30] ----------------------------------------
[13:57:30] Exception occurred during processing of request from ('127.0.0.1', 62048)
[13:57:30] Traceback (most recent call last):
[13:57:30]   File "C:\Users\1409313\AppData\Local\Programs\Python\Python312\Lib\socketserver.py", line 697, in process_request_thread
[13:57:30]     self.finish_request(request, client_address)
[13:57:30]   File "C:\Users\1409313\AppData\Local\Programs\Python\Python312\Lib\socketserver.py", line 362, in finish_request
[13:57:30]     self.RequestHandlerClass(request, client_address, self)
[13:57:30]   File "C:\Users\1409313\AppData\Local\Programs\Python\Python312\Lib\socketserver.py", line 764, in __init__
[13:57:30]     self.setup()
[13:57:30]   File "\\tw100049089\00_MyAgent\Roller Mark 背污逐站檢\前後段拆分版\HTA版本\APP.PY", line 186, in _hta_setup
[13:57:30]     self._hta_t0 = _hta_time.time()
[13:57:30]                    ^^^^^^^^^
[13:57:30] NameError: name '_hta_time' is not defined
[13:57:30] ----------------------------------------
[13:57:30] ----------------------------------------
[13:57:30] Exception occurred during processing of request from ('127.0.0.1', 62049)
[13:57:30] Traceback (most recent call last):
[13:57:30]   File "C:\Users\1409313\AppData\Local\Programs\Python\Python312\Lib\socketserver.py", line 697, in process_request_thread
[13:57:30]     self.finish_request(request, client_address)
[13:57:30]   File "C:\Users\1409313\AppData\Local\Programs\Python\Python312\Lib\socketserver.py", line 362, in finish_request
[13:57:30]     self.RequestHandlerClass(request, client_address, self)
[13:57:30]   File "C:\Users\1409313\AppData\Local\Programs\Python\Python312\Lib\socketserver.py", line 764, in __init__
[13:57:30]     self.setup()
[13:57:30]   File "\\tw100049089\00_MyAgent\Roller Mark 背污逐站檢\前後段拆分版\HTA版本\APP.PY", line 186, in _hta_setup
[13:57:30]     self._hta_t0 = _hta_time.time()
[13:57:30]                    ^^^^^^^^^
[13:57:30] NameError: name '_hta_time' is not defined
[13:57:30] ----------------------------------------
[13:57:31] ----------------------------------------
[13:57:31] Exception occurred during processing of request from ('127.0.0.1', 62050)
[13:57:31] Traceback (most recent call last):
[13:57:31]   File "C:\Users\1409313\AppData\Local\Programs\Python\Python312\Lib\socketserver.py", line 697, in process_request_thread
[13:57:31]     self.finish_request(request, client_address)
[13:57:31]   File "C:\Users\1409313\AppData\Local\Programs\Python\Python312\Lib\socketserver.py", line 362, in finish_request
[13:57:31]     self.RequestHandlerClass(request, client_address, self)
[13:57:31]   File "C:\Users\1409313\AppData\Local\Programs\Python\Python312\Lib\socketserver.py", line 764, in __init__
[13:57:31]     self.setup()
[13:57:31]   File "\\tw100049089\00_MyAgent\Roller Mark 背污逐站檢\前後段拆分版\HTA版本\APP.PY", line 186, in _hta_setup
[13:57:31]     self._hta_t0 = _hta_time.time()
[13:57:31]                    ^^^^^^^^^
[13:57:31] NameError: name '_hta_time' is not defined
[13:57:31] ----------------------------------------
[13:57:31] ----------------------------------------
[13:57:31] Exception occurred during processing of request from ('127.0.0.1', 62051)
[13:57:31] Traceback (most recent call last):
[13:57:31]   File "C:\Users\1409313\AppData\Local\Programs\Python\Python312\Lib\socketserver.py", line 697, in process_request_thread
[13:57:31]     self.finish_request(request, client_address)
[13:57:31]   File "C:\Users\1409313\AppData\Local\Programs\Python\Python312\Lib\socketserver.py", line 362, in finish_request
[13:57:31]     self.RequestHandlerClass(request, client_address, self)
[13:57:31]   File "C:\Users\1409313\AppData\Local\Programs\Python\Python312\Lib\socketserver.py", line 764, in __init__
[13:57:31]     self.setup()
[13:57:31]   File "\\tw100049089\00_MyAgent\Roller Mark 背污逐站檢\前後段拆分版\HTA版本\APP.PY", line 186, in _hta_setup
[13:57:31]     self._hta_t0 = _hta_time.time()
[13:57:31]                    ^^^^^^^^^
[13:57:31] NameError: name '_hta_time' is not defined
[13:57:31] ----------------------------------------
[13:57:32] ----------------------------------------
[13:57:32] Exception occurred during processing of request from ('127.0.0.1', 62052)
[13:57:32] Traceback (most recent call last):
[13:57:32]   File "C:\Users\1409313\AppData\Local\Programs\Python\Python312\Lib\socketserver.py", line 697, in process_request_thread
[13:57:32]     self.finish_request(request, client_address)
[13:57:32]   File "C:\Users\1409313\AppData\Local\Programs\Python\Python312\Lib\socketserver.py", line 362, in finish_request
[13:57:32]     self.RequestHandlerClass(request, client_address, self)
[13:57:32]   File "C:\Users\1409313\AppData\Local\Programs\Python\Python312\Lib\socketserver.py", line 764, in __init__
[13:57:32]     self.setup()
[13:57:32]   File "\\tw100049089\00_MyAgent\Roller Mark 背污逐站檢\前後段拆分版\HTA版本\APP.PY", line 186, in _hta_setup
[13:57:32]     self._hta_t0 = _hta_time.time()
[13:57:32]                    ^^^^^^^^^
[13:57:32] NameError: name '_hta_time' is not defined
[13:57:32] ----------------------------------------
[13:57:32] ----------------------------------------
[13:57:32] Exception occurred during processing of request from ('127.0.0.1', 62053)
[13:57:32] Traceback (most recent call last):
[13:57:32]   File "C:\Users\1409313\AppData\Local\Programs\Python\Python312\Lib\socketserver.py", line 697, in process_request_thread
[13:57:32]     self.finish_request(request, client_address)
[13:57:32]   File "C:\Users\1409313\AppData\Local\Programs\Python\Python312\Lib\socketserver.py", line 362, in finish_request
[13:57:32]     self.RequestHandlerClass(request, client_address, self)
[13:57:32]   File "C:\Users\1409313\AppData\Local\Programs\Python\Python312\Lib\socketserver.py", line 764, in __init__
[13:57:32]     self.setup()
[13:57:32]   File "\\tw100049089\00_MyAgent\Roller Mark 背污逐站檢\前後段拆分版\HTA版本\APP.PY", line 186, in _hta_setup
[13:57:32]     self._hta_t0 = _hta_time.time()
[13:57:32]                    ^^^^^^^^^
[13:57:32] NameError: name '_hta_time' is not defined
[13:57:32] ----------------------------------------
[13:57:33] ----------------------------------------
[13:57:33] Exception occurred during processing of request from ('127.0.0.1', 62054)
[13:57:33] Traceback (most recent call last):
[13:57:33]   File "C:\Users\1409313\AppData\Local\Programs\Python\Python312\Lib\socketserver.py", line 697, in process_request_thread
[13:57:33]     self.finish_request(request, client_address)
[13:57:33]   File "C:\Users\1409313\AppData\Local\Programs\Python\Python312\Lib\socketserver.py", line 362, in finish_request
[13:57:33]     self.RequestHandlerClass(request, client_address, self)
[13:57:33]   File "C:\Users\1409313\AppData\Local\Programs\Python\Python312\Lib\socketserver.py", line 764, in __init__
[13:57:33]     self.setup()
[13:57:33]   File "\\tw100049089\00_MyAgent\Roller Mark 背污逐站檢\前後段拆分版\HTA版本\APP.PY", line 186, in _hta_setup
[13:57:33]     self._hta_t0 = _hta_time.time()
[13:57:33]                    ^^^^^^^^^
[13:57:33] NameError: name '_hta_time' is not defined
[13:57:33] ----------------------------------------
[13:57:33] ----------------------------------------
[13:57:33] Exception occurred during processing of request from ('127.0.0.1', 62055)
[13:57:33] Traceback (most recent call last):
[13:57:33]   File "C:\Users\1409313\AppData\Local\Programs\Python\Python312\Lib\socketserver.py", line 697, in process_request_thread
[13:57:33]     self.finish_request(request, client_address)
[13:57:33]   File "C:\Users\1409313\AppData\Local\Programs\Python\Python312\Lib\socketserver.py", line 362, in finish_request
[13:57:33]     self.RequestHandlerClass(request, client_address, self)
[13:57:33]   File "C:\Users\1409313\AppData\Local\Programs\Python\Python312\Lib\socketserver.py", line 764, in __init__
[13:57:33]     self.setup()
[13:57:33]   File "\\tw100049089\00_MyAgent\Roller Mark 背污逐站檢\前後段拆分版\HTA版本\APP.PY", line 186, in _hta_setup
[13:57:33]     self._hta_t0 = _hta_time.time()
[13:57:33]                    ^^^^^^^^^
[13:57:33] NameError: name '_hta_time' is not defined
[13:57:33] ----------------------------------------
[13:57:34] ----------------------------------------
[13:57:34] Exception occurred during processing of request from ('127.0.0.1', 62061)
[13:57:34] Traceback (most recent call last):
[13:57:34]   File "C:\Users\1409313\AppData\Local\Programs\Python\Python312\Lib\socketserver.py", line 697, in process_request_thread
[13:57:34]     self.finish_request(request, client_address)
[13:57:34]   File "C:\Users\1409313\AppData\Local\Programs\Python\Python312\Lib\socketserver.py", line 362, in finish_request
[13:57:34]     self.RequestHandlerClass(request, client_address, self)
[13:57:34]   File "C:\Users\1409313\AppData\Local\Programs\Python\Python312\Lib\socketserver.py", line 764, in __init__
[13:57:34]     self.setup()
[13:57:34]   File "\\tw100049089\00_MyAgent\Roller Mark 背污逐站檢\前後段拆分版\HTA版本\APP.PY", line 186, in _hta_setup
[13:57:34]     self._hta_t0 = _hta_time.time()
[13:57:34]                    ^^^^^^^^^
[13:57:34] NameError: name '_hta_time' is not defined
[13:57:34] ----------------------------------------
[13:57:34] ----------------------------------------
[13:57:34] Exception occurred during processing of request from ('127.0.0.1', 62062)
[13:57:34] Traceback (most recent call last):
[13:57:34]   File "C:\Users\1409313\AppData\Local\Programs\Python\Python312\Lib\socketserver.py", line 697, in process_request_thread
[13:57:34]     self.finish_request(request, client_address)
[13:57:34]   File "C:\Users\1409313\AppData\Local\Programs\Python\Python312\Lib\socketserver.py", line 362, in finish_request
[13:57:34]     self.RequestHandlerClass(request, client_address, self)
[13:57:34]   File "C:\Users\1409313\AppData\Local\Programs\Python\Python312\Lib\socketserver.py", line 764, in __init__
[13:57:34]     self.setup()
[13:57:34]   File "\\tw100049089\00_MyAgent\Roller Mark 背污逐站檢\前後段拆分版\HTA版本\APP.PY", line 186, in _hta_setup
[13:57:34]     self._hta_t0 = _hta_time.time()
[13:57:34]                    ^^^^^^^^^
[13:57:34] NameError: name '_hta_time' is not defined
[13:57:34] ----------------------------------------
[13:57:35] ----------------------------------------
[13:57:35] Exception occurred during processing of request from ('127.0.0.1', 62066)
[13:57:35] Traceback (most recent call last):
[13:57:35]   File "C:\Users\1409313\AppData\Local\Programs\Python\Python312\Lib\socketserver.py", line 697, in process_request_thread
[13:57:35]     self.finish_request(request, client_address)
[13:57:35]   File "C:\Users\1409313\AppData\Local\Programs\Python\Python312\Lib\socketserver.py", line 362, in finish_request
[13:57:35]     self.RequestHandlerClass(request, client_address, self)
[13:57:35]   File "C:\Users\1409313\AppData\Local\Programs\Python\Python312\Lib\socketserver.py", line 764, in __init__
[13:57:35]     self.setup()
[13:57:35]   File "\\tw100049089\00_MyAgent\Roller Mark 背污逐站檢\前後段拆分版\HTA版本\APP.PY", line 186, in _hta_setup
[13:57:35]     self._hta_t0 = _hta_time.time()
[13:57:35]                    ^^^^^^^^^
[13:57:35] NameError: name '_hta_time' is not defined
[13:57:35] ----------------------------------------
[13:57:35] ----------------------------------------
[13:57:35] Exception occurred during processing of request from ('127.0.0.1', 62067)
[13:57:35] Traceback (most recent call last):
[13:57:35]   File "C:\Users\1409313\AppData\Local\Programs\Python\Python312\Lib\socketserver.py", line 697, in process_request_thread
[13:57:35]     self.finish_request(request, client_address)
[13:57:35]   File "C:\Users\1409313\AppData\Local\Programs\Python\Python312\Lib\socketserver.py", line 362, in finish_request
[13:57:35]     self.RequestHandlerClass(request, client_address, self)
[13:57:35]   File "C:\Users\1409313\AppData\Local\Programs\Python\Python312\Lib\socketserver.py", line 764, in __init__
[13:57:35]     self.setup()
[13:57:35]   File "\\tw100049089\00_MyAgent\Roller Mark 背污逐站檢\前後段拆分版\HTA版本\APP.PY", line 186, in _hta_setup
[13:57:35]     self._hta_t0 = _hta_time.time()
[13:57:35]                    ^^^^^^^^^
[13:57:35] NameError: name '_hta_time' is not defined
[13:57:35] ----------------------------------------
[13:57:36] ----------------------------------------
[13:57:36] Exception occurred during processing of request from ('127.0.0.1', 62068)
[13:57:36] Traceback (most recent call last):
[13:57:36]   File "C:\Users\1409313\AppData\Local\Programs\Python\Python312\Lib\socketserver.py", line 697, in process_request_thread
[13:57:36]     self.finish_request(request, client_address)
[13:57:36]   File "C:\Users\1409313\AppData\Local\Programs\Python\Python312\Lib\socketserver.py", line 362, in finish_request
[13:57:36]     self.RequestHandlerClass(request, client_address, self)
[13:57:36]   File "C:\Users\1409313\AppData\Local\Programs\Python\Python312\Lib\socketserver.py", line 764, in __init__
[13:57:36]     self.setup()
[13:57:36]   File "\\tw100049089\00_MyAgent\Roller Mark 背污逐站檢\前後段拆分版\HTA版本\APP.PY", line 186, in _hta_setup
[13:57:36]     self._hta_t0 = _hta_time.time()
[13:57:36]                    ^^^^^^^^^
[13:57:36] NameError: name '_hta_time' is not defined
[13:57:36] ----------------------------------------
[13:57:36] ----------------------------------------
[13:57:36] Exception occurred during processing of request from ('127.0.0.1', 62069)
[13:57:36] Traceback (most recent call last):
[13:57:36]   File "C:\Users\1409313\AppData\Local\Programs\Python\Python312\Lib\socketserver.py", line 697, in process_request_thread
[13:57:36]     self.finish_request(request, client_address)
[13:57:36]   File "C:\Users\1409313\AppData\Local\Programs\Python\Python312\Lib\socketserver.py", line 362, in finish_request
[13:57:36]     self.RequestHandlerClass(request, client_address, self)
[13:57:36]   File "C:\Users\1409313\AppData\Local\Programs\Python\Python312\Lib\socketserver.py", line 764, in __init__
[13:57:36]     self.setup()
[13:57:36]   File "\\tw100049089\00_MyAgent\Roller Mark 背污逐站檢\前後段拆分版\HTA版本\APP.PY", line 186, in _hta_setup
[13:57:36]     self._hta_t0 = _hta_time.time()
[13:57:36]                    ^^^^^^^^^
[13:57:36] NameError: name '_hta_time' is not defined
[13:57:36] ----------------------------------------
[13:57:37] ----------------------------------------
[13:57:37] Exception occurred during processing of request from ('127.0.0.1', 62070)
[13:57:37] Traceback (most recent call last):
[13:57:37]   File "C:\Users\1409313\AppData\Local\Programs\Python\Python312\Lib\socketserver.py", line 697, in process_request_thread
[13:57:37]     self.finish_request(request, client_address)
[13:57:37]   File "C:\Users\1409313\AppData\Local\Programs\Python\Python312\Lib\socketserver.py", line 362, in finish_request
[13:57:37]     self.RequestHandlerClass(request, client_address, self)
[13:57:37]   File "C:\Users\1409313\AppData\Local\Programs\Python\Python312\Lib\socketserver.py", line 764, in __init__
[13:57:37]     self.setup()
[13:57:37]   File "\\tw100049089\00_MyAgent\Roller Mark 背污逐站檢\前後段拆分版\HTA版本\APP.PY", line 186, in _hta_setup
[13:57:37]     self._hta_t0 = _hta_time.time()
[13:57:37]                    ^^^^^^^^^
[13:57:37] NameError: name '_hta_time' is not defined
[13:57:37] ----------------------------------------
[13:57:37] ----------------------------------------
[13:57:37] Exception occurred during processing of request from ('127.0.0.1', 62071)
[13:57:37] Traceback (most recent call last):
[13:57:37]   File "C:\Users\1409313\AppData\Local\Programs\Python\Python312\Lib\socketserver.py", line 697, in process_request_thread
[13:57:37]     self.finish_request(request, client_address)
[13:57:37]   File "C:\Users\1409313\AppData\Local\Programs\Python\Python312\Lib\socketserver.py", line 362, in finish_request
[13:57:37]     self.RequestHandlerClass(request, client_address, self)
[13:57:37]   File "C:\Users\1409313\AppData\Local\Programs\Python\Python312\Lib\socketserver.py", line 764, in __init__
[13:57:37]     self.setup()
[13:57:37]   File "\\tw100049089\00_MyAgent\Roller Mark 背污逐站檢\前後段拆分版\HTA版本\APP.PY", line 186, in _hta_setup
[13:57:37]     self._hta_t0 = _hta_time.time()
[13:57:37]                    ^^^^^^^^^
[13:57:37] NameError: name '_hta_time' is not defined
[13:57:37] ----------------------------------------
[13:57:38] ----------------------------------------
[13:57:38] Exception occurred during processing of request from ('127.0.0.1', 62073)
[13:57:38] Traceback (most recent call last):
[13:57:38]   File "C:\Users\1409313\AppData\Local\Programs\Python\Python312\Lib\socketserver.py", line 697, in process_request_thread
[13:57:38]     self.finish_request(request, client_address)
[13:57:38]   File "C:\Users\1409313\AppData\Local\Programs\Python\Python312\Lib\socketserver.py", line 362, in finish_request
[13:57:38]     self.RequestHandlerClass(request, client_address, self)
[13:57:38]   File "C:\Users\1409313\AppData\Local\Programs\Python\Python312\Lib\socketserver.py", line 764, in __init__
[13:57:38]     self.setup()
[13:57:38]   File "\\tw100049089\00_MyAgent\Roller Mark 背污逐站檢\前後段拆分版\HTA版本\APP.PY", line 186, in _hta_setup
[13:57:38]     self._hta_t0 = _hta_time.time()
[13:57:38]                    ^^^^^^^^^
[13:57:38] NameError: name '_hta_time' is not defined
[13:57:38] ----------------------------------------
[13:57:38] ----------------------------------------
[13:57:38] Exception occurred during processing of request from ('127.0.0.1', 62074)
[13:57:38] Traceback (most recent call last):
[13:57:38]   File "C:\Users\1409313\AppData\Local\Programs\Python\Python312\Lib\socketserver.py", line 697, in process_request_thread
[13:57:38]     self.finish_request(request, client_address)
[13:57:38]   File "C:\Users\1409313\AppData\Local\Programs\Python\Python312\Lib\socketserver.py", line 362, in finish_request
[13:57:38]     self.RequestHandlerClass(request, client_address, self)
[13:57:38]   File "C:\Users\1409313\AppData\Local\Programs\Python\Python312\Lib\socketserver.py", line 764, in __init__
[13:57:38]     self.setup()
[13:57:38]   File "\\tw100049089\00_MyAgent\Roller Mark 背污逐站檢\前後段拆分版\HTA版本\APP.PY", line 186, in _hta_setup
[13:57:38]     self._hta_t0 = _hta_time.time()
[13:57:38]                    ^^^^^^^^^
[13:57:38] NameError: name '_hta_time' is not defined
[13:57:38] ----------------------------------------
[13:57:39] ----------------------------------------
[13:57:39] Exception occurred during processing of request from ('127.0.0.1', 62077)
[13:57:39] Traceback (most recent call last):
[13:57:39]   File "C:\Users\1409313\AppData\Local\Programs\Python\Python312\Lib\socketserver.py", line 697, in process_request_thread
[13:57:39]     self.finish_request(request, client_address)
[13:57:39]   File "C:\Users\1409313\AppData\Local\Programs\Python\Python312\Lib\socketserver.py", line 362, in finish_request
[13:57:39]     self.RequestHandlerClass(request, client_address, self)
[13:57:39]   File "C:\Users\1409313\AppData\Local\Programs\Python\Python312\Lib\socketserver.py", line 764, in __init__
[13:57:39]     self.setup()
[13:57:39]   File "\\tw100049089\00_MyAgent\Roller Mark 背污逐站檢\前後段拆分版\HTA版本\APP.PY", line 186, in _hta_setup
[13:57:39]     self._hta_t0 = _hta_time.time()
[13:57:39]                    ^^^^^^^^^
[13:57:39] NameError: name '_hta_time' is not defined
[13:57:39] ----------------------------------------
[13:57:39] ----------------------------------------
[13:57:39] Exception occurred during processing of request from ('127.0.0.1', 62078)
[13:57:39] Traceback (most recent call last):
[13:57:39]   File "C:\Users\1409313\AppData\Local\Programs\Python\Python312\Lib\socketserver.py", line 697, in process_request_thread
[13:57:39]     self.finish_request(request, client_address)
[13:57:39]   File "C:\Users\1409313\AppData\Local\Programs\Python\Python312\Lib\socketserver.py", line 362, in finish_request
[13:57:39]     self.RequestHandlerClass(request, client_address, self)
[13:57:39]   File "C:\Users\1409313\AppData\Local\Programs\Python\Python312\Lib\socketserver.py", line 764, in __init__
[13:57:39]     self.setup()
[13:57:39]   File "\\tw100049089\00_MyAgent\Roller Mark 背污逐站檢\前後段拆分版\HTA版本\APP.PY", line 186, in _hta_setup
[13:57:39]     self._hta_t0 = _hta_time.time()
[13:57:39]                    ^^^^^^^^^
[13:57:39] NameError: name '_hta_time' is not defined
[13:57:39] ----------------------------------------
[13:57:40] ----------------------------------------
[13:57:40] Exception occurred during processing of request from ('127.0.0.1', 62079)
[13:57:40] Traceback (most recent call last):
[13:57:40]   File "C:\Users\1409313\AppData\Local\Programs\Python\Python312\Lib\socketserver.py", line 697, in process_request_thread
[13:57:40]     self.finish_request(request, client_address)
[13:57:40]   File "C:\Users\1409313\AppData\Local\Programs\Python\Python312\Lib\socketserver.py", line 362, in finish_request
[13:57:40]     self.RequestHandlerClass(request, client_address, self)
[13:57:40]   File "C:\Users\1409313\AppData\Local\Programs\Python\Python312\Lib\socketserver.py", line 764, in __init__
[13:57:40]     self.setup()
[13:57:40]   File "\\tw100049089\00_MyAgent\Roller Mark 背污逐站檢\前後段拆分版\HTA版本\APP.PY", line 186, in _hta_setup
[13:57:40]     self._hta_t0 = _hta_time.time()
[13:57:40]                    ^^^^^^^^^
[13:57:40] NameError: name '_hta_time' is not defined
[13:57:40] ----------------------------------------
[13:57:40] ----------------------------------------
[13:57:40] Exception occurred during processing of request from ('127.0.0.1', 62080)
[13:57:40] Traceback (most recent call last):
[13:57:40]   File "C:\Users\1409313\AppData\Local\Programs\Python\Python312\Lib\socketserver.py", line 697, in process_request_thread
[13:57:40]     self.finish_request(request, client_address)
[13:57:40]   File "C:\Users\1409313\AppData\Local\Programs\Python\Python312\Lib\socketserver.py", line 362, in finish_request
[13:57:40]     self.RequestHandlerClass(request, client_address, self)
[13:57:40]   File "C:\Users\1409313\AppData\Local\Programs\Python\Python312\Lib\socketserver.py", line 764, in __init__
[13:57:40]     self.setup()
[13:57:40]   File "\\tw100049089\00_MyAgent\Roller Mark 背污逐站檢\前後段拆分版\HTA版本\APP.PY", line 186, in _hta_setup
[13:57:40]     self._hta_t0 = _hta_time.time()
[13:57:40]                    ^^^^^^^^^
[13:57:40] NameError: name '_hta_time' is not defined
[13:57:40] ----------------------------------------
[13:57:41] ----------------------------------------
[13:57:41] Exception occurred during processing of request from ('127.0.0.1', 62081)
[13:57:41] Traceback (most recent call last):
[13:57:41]   File "C:\Users\1409313\AppData\Local\Programs\Python\Python312\Lib\socketserver.py", line 697, in process_request_thread
[13:57:41]     self.finish_request(request, client_address)
[13:57:41]   File "C:\Users\1409313\AppData\Local\Programs\Python\Python312\Lib\socketserver.py", line 362, in finish_request
[13:57:41]     self.RequestHandlerClass(request, client_address, self)
[13:57:41]   File "C:\Users\1409313\AppData\Local\Programs\Python\Python312\Lib\socketserver.py", line 764, in __init__
[13:57:41]     self.setup()
[13:57:41]   File "\\tw100049089\00_MyAgent\Roller Mark 背污逐站檢\前後段拆分版\HTA版本\APP.PY", line 186, in _hta_setup
[13:57:41]     self._hta_t0 = _hta_time.time()
[13:57:41]                    ^^^^^^^^^
[13:57:41] NameError: name '_hta_time' is not defined
[13:57:41] ----------------------------------------
[13:57:41] ----------------------------------------
[13:57:41] Exception occurred during processing of request from ('127.0.0.1', 62082)
[13:57:41] Traceback (most recent call last):
[13:57:41]   File "C:\Users\1409313\AppData\Local\Programs\Python\Python312\Lib\socketserver.py", line 697, in process_request_thread
[13:57:41]     self.finish_request(request, client_address)
[13:57:41]   File "C:\Users\1409313\AppData\Local\Programs\Python\Python312\Lib\socketserver.py", line 362, in finish_request
[13:57:41]     self.RequestHandlerClass(request, client_address, self)
[13:57:41]   File "C:\Users\1409313\AppData\Local\Programs\Python\Python312\Lib\socketserver.py", line 764, in __init__
[13:57:41]     self.setup()
[13:57:41]   File "\\tw100049089\00_MyAgent\Roller Mark 背污逐站檢\前後段拆分版\HTA版本\APP.PY", line 186, in _hta_setup
[13:57:41]     self._hta_t0 = _hta_time.time()
[13:57:41]                    ^^^^^^^^^
[13:57:41] NameError: name '_hta_time' is not defined
[13:57:41] ----------------------------------------
[13:57:42] ----------------------------------------
[13:57:42] Exception occurred during processing of request from ('127.0.0.1', 62083)
[13:57:42] Traceback (most recent call last):
[13:57:42]   File "C:\Users\1409313\AppData\Local\Programs\Python\Python312\Lib\socketserver.py", line 697, in process_request_thread
[13:57:42]     self.finish_request(request, client_address)
[13:57:42]   File "C:\Users\1409313\AppData\Local\Programs\Python\Python312\Lib\socketserver.py", line 362, in finish_request
[13:57:42]     self.RequestHandlerClass(request, client_address, self)
[13:57:42]   File "C:\Users\1409313\AppData\Local\Programs\Python\Python312\Lib\socketserver.py", line 764, in __init__
[13:57:42]     self.setup()
[13:57:42]   File "\\tw100049089\00_MyAgent\Roller Mark 背污逐站檢\前後段拆分版\HTA版本\APP.PY", line 186, in _hta_setup
[13:57:42]     self._hta_t0 = _hta_time.time()
[13:57:42]                    ^^^^^^^^^
[13:57:42] NameError: name '_hta_time' is not defined
[13:57:42] ----------------------------------------
[13:57:42] ----------------------------------------
[13:57:42] Exception occurred during processing of request from ('127.0.0.1', 62084)
[13:57:42] Traceback (most recent call last):
[13:57:42]   File "C:\Users\1409313\AppData\Local\Programs\Python\Python312\Lib\socketserver.py", line 697, in process_request_thread
[13:57:42]     self.finish_request(request, client_address)
[13:57:42]   File "C:\Users\1409313\AppData\Local\Programs\Python\Python312\Lib\socketserver.py", line 362, in finish_request
[13:57:42]     self.RequestHandlerClass(request, client_address, self)
[13:57:42]   File "C:\Users\1409313\AppData\Local\Programs\Python\Python312\Lib\socketserver.py", line 764, in __init__
[13:57:42]     self.setup()
[13:57:42]   File "\\tw100049089\00_MyAgent\Roller Mark 背污逐站檢\前後段拆分版\HTA版本\APP.PY", line 186, in _hta_setup
[13:57:42]     self._hta_t0 = _hta_time.time()
[13:57:42]                    ^^^^^^^^^
[13:57:42] NameError: name '_hta_time' is not defined
[13:57:42] ----------------------------------------
[13:57:43] ----------------------------------------
[13:57:43] Exception occurred during processing of request from ('127.0.0.1', 62085)
[13:57:43] Traceback (most recent call last):
[13:57:43]   File "C:\Users\1409313\AppData\Local\Programs\Python\Python312\Lib\socketserver.py", line 697, in process_request_thread
[13:57:43]     self.finish_request(request, client_address)
[13:57:43]   File "C:\Users\1409313\AppData\Local\Programs\Python\Python312\Lib\socketserver.py", line 362, in finish_request
[13:57:43]     self.RequestHandlerClass(request, client_address, self)
[13:57:43]   File "C:\Users\1409313\AppData\Local\Programs\Python\Python312\Lib\socketserver.py", line 764, in __init__
[13:57:43]     self.setup()
[13:57:43]   File "\\tw100049089\00_MyAgent\Roller Mark 背污逐站檢\前後段拆分版\HTA版本\APP.PY", line 186, in _hta_setup
[13:57:43]     self._hta_t0 = _hta_time.time()
[13:57:43]                    ^^^^^^^^^
[13:57:43] NameError: name '_hta_time' is not defined
[13:57:43] ----------------------------------------
[13:57:43] ----------------------------------------
[13:57:43] Exception occurred during processing of request from ('127.0.0.1', 62086)
[13:57:43] Traceback (most recent call last):
[13:57:43]   File "C:\Users\1409313\AppData\Local\Programs\Python\Python312\Lib\socketserver.py", line 697, in process_request_thread
[13:57:43]     self.finish_request(request, client_address)
[13:57:43]   File "C:\Users\1409313\AppData\Local\Programs\Python\Python312\Lib\socketserver.py", line 362, in finish_request
[13:57:43]     self.RequestHandlerClass(request, client_address, self)
[13:57:43]   File "C:\Users\1409313\AppData\Local\Programs\Python\Python312\Lib\socketserver.py", line 764, in __init__
[13:57:43]     self.setup()
[13:57:43]   File "\\tw100049089\00_MyAgent\Roller Mark 背污逐站檢\前後段拆分版\HTA版本\APP.PY", line 186, in _hta_setup
[13:57:43]     self._hta_t0 = _hta_time.time()
[13:57:43]                    ^^^^^^^^^
[13:57:43] NameError: name '_hta_time' is not defined
[13:57:43] ----------------------------------------
[13:57:44] ----------------------------------------
[13:57:44] Exception occurred during processing of request from ('127.0.0.1', 62089)
[13:57:44] Traceback (most recent call last):
[13:57:44]   File "C:\Users\1409313\AppData\Local\Programs\Python\Python312\Lib\socketserver.py", line 697, in process_request_thread
[13:57:44]     self.finish_request(request, client_address)
[13:57:44]   File "C:\Users\1409313\AppData\Local\Programs\Python\Python312\Lib\socketserver.py", line 362, in finish_request
[13:57:44]     self.RequestHandlerClass(request, client_address, self)
[13:57:44]   File "C:\Users\1409313\AppData\Local\Programs\Python\Python312\Lib\socketserver.py", line 764, in __init__
[13:57:44]     self.setup()
[13:57:44]   File "\\tw100049089\00_MyAgent\Roller Mark 背污逐站檢\前後段拆分版\HTA版本\APP.PY", line 186, in _hta_setup
[13:57:44]     self._hta_t0 = _hta_time.time()
[13:57:44]                    ^^^^^^^^^
[13:57:44] NameError: name '_hta_time' is not defined
[13:57:44] ----------------------------------------
[13:57:44] ----------------------------------------
[13:57:44] Exception occurred during processing of request from ('127.0.0.1', 62090)
[13:57:44] Traceback (most recent call last):
[13:57:44]   File "C:\Users\1409313\AppData\Local\Programs\Python\Python312\Lib\socketserver.py", line 697, in process_request_thread
[13:57:44]     self.finish_request(request, client_address)
[13:57:44]   File "C:\Users\1409313\AppData\Local\Programs\Python\Python312\Lib\socketserver.py", line 362, in finish_request
[13:57:44]     self.RequestHandlerClass(request, client_address, self)
[13:57:44]   File "C:\Users\1409313\AppData\Local\Programs\Python\Python312\Lib\socketserver.py", line 764, in __init__
[13:57:44]     self.setup()
[13:57:44]   File "\\tw100049089\00_MyAgent\Roller Mark 背污逐站檢\前後段拆分版\HTA版本\APP.PY", line 186, in _hta_setup
[13:57:44]     self._hta_t0 = _hta_time.time()
[13:57:44]                    ^^^^^^^^^
[13:57:44] NameError: name '_hta_time' is not defined
[13:57:44] ----------------------------------------
[13:57:45] ----------------------------------------
[13:57:45] Exception occurred during processing of request from ('127.0.0.1', 62091)
[13:57:45] Traceback (most recent call last):
[13:57:45]   File "C:\Users\1409313\AppData\Local\Programs\Python\Python312\Lib\socketserver.py", line 697, in process_request_thread
[13:57:45]     self.finish_request(request, client_address)
[13:57:45]   File "C:\Users\1409313\AppData\Local\Programs\Python\Python312\Lib\socketserver.py", line 362, in finish_request
[13:57:45]     self.RequestHandlerClass(request, client_address, self)
[13:57:45]   File "C:\Users\1409313\AppData\Local\Programs\Python\Python312\Lib\socketserver.py", line 764, in __init__
[13:57:45]     self.setup()
[13:57:45]   File "\\tw100049089\00_MyAgent\Roller Mark 背污逐站檢\前後段拆分版\HTA版本\APP.PY", line 186, in _hta_setup
[13:57:45]     self._hta_t0 = _hta_time.time()
[13:57:45]                    ^^^^^^^^^
[13:57:45] NameError: name '_hta_time' is not defined
[13:57:45] ----------------------------------------
[13:57:45] ----------------------------------------
[13:57:45] Exception occurred during processing of request from ('127.0.0.1', 62092)
[13:57:45] Traceback (most recent call last):
[13:57:45]   File "C:\Users\1409313\AppData\Local\Programs\Python\Python312\Lib\socketserver.py", line 697, in process_request_thread
[13:57:45]     self.finish_request(request, client_address)
[13:57:45]   File "C:\Users\1409313\AppData\Local\Programs\Python\Python312\Lib\socketserver.py", line 362, in finish_request
[13:57:45]     self.RequestHandlerClass(request, client_address, self)
[13:57:45]   File "C:\Users\1409313\AppData\Local\Programs\Python\Python312\Lib\socketserver.py", line 764, in __init__
[13:57:45]     self.setup()
[13:57:45]   File "\\tw100049089\00_MyAgent\Roller Mark 背污逐站檢\前後段拆分版\HTA版本\APP.PY", line 186, in _hta_setup
[13:57:45]     self._hta_t0 = _hta_time.time()
[13:57:45]                    ^^^^^^^^^
[13:57:45] NameError: name '_hta_time' is not defined
[13:57:45] ----------------------------------------
[13:57:46] ----------------------------------------
[13:57:46] Exception occurred during processing of request from ('127.0.0.1', 62093)
[13:57:46] Traceback (most recent call last):
[13:57:46]   File "C:\Users\1409313\AppData\Local\Programs\Python\Python312\Lib\socketserver.py", line 697, in process_request_thread
[13:57:46]     self.finish_request(request, client_address)
[13:57:46]   File "C:\Users\1409313\AppData\Local\Programs\Python\Python312\Lib\socketserver.py", line 362, in finish_request
[13:57:46]     self.RequestHandlerClass(request, client_address, self)
[13:57:46]   File "C:\Users\1409313\AppData\Local\Programs\Python\Python312\Lib\socketserver.py", line 764, in __init__
[13:57:46]     self.setup()
[13:57:46]   File "\\tw100049089\00_MyAgent\Roller Mark 背污逐站檢\前後段拆分版\HTA版本\APP.PY", line 186, in _hta_setup
[13:57:46]     self._hta_t0 = _hta_time.time()
[13:57:46]                    ^^^^^^^^^
[13:57:46] NameError: name '_hta_time' is not defined
[13:57:46] ----------------------------------------
[13:57:46] ----------------------------------------
[13:57:46] Exception occurred during processing of request from ('127.0.0.1', 62094)
[13:57:46] Traceback (most recent call last):
[13:57:46]   File "C:\Users\1409313\AppData\Local\Programs\Python\Python312\Lib\socketserver.py", line 697, in process_request_thread
[13:57:46]     self.finish_request(request, client_address)
[13:57:46]   File "C:\Users\1409313\AppData\Local\Programs\Python\Python312\Lib\socketserver.py", line 362, in finish_request
[13:57:46]     self.RequestHandlerClass(request, client_address, self)
[13:57:46]   File "C:\Users\1409313\AppData\Local\Programs\Python\Python312\Lib\socketserver.py", line 764, in __init__
[13:57:46]     self.setup()
[13:57:46]   File "\\tw100049089\00_MyAgent\Roller Mark 背污逐站檢\前後段拆分版\HTA版本\APP.PY", line 186, in _hta_setup
[13:57:46]     self._hta_t0 = _hta_time.time()
[13:57:46]                    ^^^^^^^^^
[13:57:46] NameError: name '_hta_time' is not defined
[13:57:46] ----------------------------------------
[13:57:47] ----------------------------------------
[13:57:47] Exception occurred during processing of request from ('127.0.0.1', 62095)
[13:57:47] Traceback (most recent call last):
[13:57:47]   File "C:\Users\1409313\AppData\Local\Programs\Python\Python312\Lib\socketserver.py", line 697, in process_request_thread
[13:57:47]     self.finish_request(request, client_address)
[13:57:47]   File "C:\Users\1409313\AppData\Local\Programs\Python\Python312\Lib\socketserver.py", line 362, in finish_request
[13:57:47]     self.RequestHandlerClass(request, client_address, self)
[13:57:47]   File "C:\Users\1409313\AppData\Local\Programs\Python\Python312\Lib\socketserver.py", line 764, in __init__
[13:57:47]     self.setup()
[13:57:47]   File "\\tw100049089\00_MyAgent\Roller Mark 背污逐站檢\前後段拆分版\HTA版本\APP.PY", line 186, in _hta_setup
[13:57:47]     self._hta_t0 = _hta_time.time()
[13:57:47]                    ^^^^^^^^^
[13:57:47] NameError: name '_hta_time' is not defined
[13:57:47] ----------------------------------------
[13:57:47] ----------------------------------------
[13:57:47] Exception occurred during processing of request from ('127.0.0.1', 62096)
[13:57:47] Traceback (most recent call last):
[13:57:47]   File "C:\Users\1409313\AppData\Local\Programs\Python\Python312\Lib\socketserver.py", line 697, in process_request_thread
[13:57:47]     self.finish_request(request, client_address)
[13:57:47]   File "C:\Users\1409313\AppData\Local\Programs\Python\Python312\Lib\socketserver.py", line 362, in finish_request
[13:57:47]     self.RequestHandlerClass(request, client_address, self)
[13:57:47]   File "C:\Users\1409313\AppData\Local\Programs\Python\Python312\Lib\socketserver.py", line 764, in __init__
[13:57:47]     self.setup()
[13:57:47]   File "\\tw100049089\00_MyAgent\Roller Mark 背污逐站檢\前後段拆分版\HTA版本\APP.PY", line 186, in _hta_setup
[13:57:47]     self._hta_t0 = _hta_time.time()
[13:57:47]                    ^^^^^^^^^
[13:57:47] NameError: name '_hta_time' is not defined
[13:57:47] ----------------------------------------
[13:57:48] ----------------------------------------
[13:57:48] Exception occurred during processing of request from ('127.0.0.1', 62097)
[13:57:48] Traceback (most recent call last):
[13:57:48]   File "C:\Users\1409313\AppData\Local\Programs\Python\Python312\Lib\socketserver.py", line 697, in process_request_thread
[13:57:48]     self.finish_request(request, client_address)
[13:57:48]   File "C:\Users\1409313\AppData\Local\Programs\Python\Python312\Lib\socketserver.py", line 362, in finish_request
[13:57:48]     self.RequestHandlerClass(request, client_address, self)
[13:57:48]   File "C:\Users\1409313\AppData\Local\Programs\Python\Python312\Lib\socketserver.py", line 764, in __init__
[13:57:48]     self.setup()
[13:57:48]   File "\\tw100049089\00_MyAgent\Roller Mark 背污逐站檢\前後段拆分版\HTA版本\APP.PY", line 186, in _hta_setup
[13:57:48]     self._hta_t0 = _hta_time.time()
[13:57:48]                    ^^^^^^^^^
[13:57:48] NameError: name '_hta_time' is not defined
[13:57:48] ----------------------------------------
[13:57:48] ----------------------------------------
[13:57:48] Exception occurred during processing of request from ('127.0.0.1', 62098)
[13:57:48] Traceback (most recent call last):
[13:57:48]   File "C:\Users\1409313\AppData\Local\Programs\Python\Python312\Lib\socketserver.py", line 697, in process_request_thread
[13:57:48]     self.finish_request(request, client_address)
[13:57:48]   File "C:\Users\1409313\AppData\Local\Programs\Python\Python312\Lib\socketserver.py", line 362, in finish_request
[13:57:48]     self.RequestHandlerClass(request, client_address, self)
[13:57:48]   File "C:\Users\1409313\AppData\Local\Programs\Python\Python312\Lib\socketserver.py", line 764, in __init__
[13:57:48]     self.setup()
[13:57:48]   File "\\tw100049089\00_MyAgent\Roller Mark 背污逐站檢\前後段拆分版\HTA版本\APP.PY", line 186, in _hta_setup
[13:57:48]     self._hta_t0 = _hta_time.time()
[13:57:48]                    ^^^^^^^^^
[13:57:48] NameError: name '_hta_time' is not defined
[13:57:48] ----------------------------------------
[13:57:49] ----------------------------------------
[13:57:49] Exception occurred during processing of request from ('127.0.0.1', 62101)
[13:57:49] Traceback (most recent call last):
[13:57:49]   File "C:\Users\1409313\AppData\Local\Programs\Python\Python312\Lib\socketserver.py", line 697, in process_request_thread
[13:57:49]     self.finish_request(request, client_address)
[13:57:49]   File "C:\Users\1409313\AppData\Local\Programs\Python\Python312\Lib\socketserver.py", line 362, in finish_request
[13:57:49]     self.RequestHandlerClass(request, client_address, self)
[13:57:49]   File "C:\Users\1409313\AppData\Local\Programs\Python\Python312\Lib\socketserver.py", line 764, in __init__
[13:57:49]     self.setup()
[13:57:49]   File "\\tw100049089\00_MyAgent\Roller Mark 背污逐站檢\前後段拆分版\HTA版本\APP.PY", line 186, in _hta_setup
[13:57:49]     self._hta_t0 = _hta_time.time()
[13:57:49]                    ^^^^^^^^^
[13:57:49] NameError: name '_hta_time' is not defined
[13:57:49] ----------------------------------------
[13:57:49] ----------------------------------------
[13:57:49] Exception occurred during processing of request from ('127.0.0.1', 62102)
[13:57:49] Traceback (most recent call last):
[13:57:49]   File "C:\Users\1409313\AppData\Local\Programs\Python\Python312\Lib\socketserver.py", line 697, in process_request_thread
[13:57:49]     self.finish_request(request, client_address)
[13:57:49]   File "C:\Users\1409313\AppData\Local\Programs\Python\Python312\Lib\socketserver.py", line 362, in finish_request
[13:57:49]     self.RequestHandlerClass(request, client_address, self)
[13:57:49]   File "C:\Users\1409313\AppData\Local\Programs\Python\Python312\Lib\socketserver.py", line 764, in __init__
[13:57:49]     self.setup()
[13:57:49]   File "\\tw100049089\00_MyAgent\Roller Mark 背污逐站檢\前後段拆分版\HTA版本\APP.PY", line 186, in _hta_setup
[13:57:49]     self._hta_t0 = _hta_time.time()
[13:57:49]                    ^^^^^^^^^
[13:57:49] NameError: name '_hta_time' is not defined
[13:57:49] ----------------------------------------
[13:57:50] ----------------------------------------
[13:57:50] Exception occurred during processing of request from ('127.0.0.1', 62103)
[13:57:50] Traceback (most recent call last):
[13:57:50]   File "C:\Users\1409313\AppData\Local\Programs\Python\Python312\Lib\socketserver.py", line 697, in process_request_thread
[13:57:50]     self.finish_request(request, client_address)
[13:57:50]   File "C:\Users\1409313\AppData\Local\Programs\Python\Python312\Lib\socketserver.py", line 362, in finish_request
[13:57:50]     self.RequestHandlerClass(request, client_address, self)
[13:57:50]   File "C:\Users\1409313\AppData\Local\Programs\Python\Python312\Lib\socketserver.py", line 764, in __init__
[13:57:50]     self.setup()
[13:57:50]   File "\\tw100049089\00_MyAgent\Roller Mark 背污逐站檢\前後段拆分版\HTA版本\APP.PY", line 186, in _hta_setup
[13:57:50]     self._hta_t0 = _hta_time.time()
[13:57:50]                    ^^^^^^^^^
[13:57:50] NameError: name '_hta_time' is not defined
[13:57:50] ----------------------------------------
[13:57:50] ----------------------------------------
[13:57:50] Exception occurred during processing of request from ('127.0.0.1', 62104)
[13:57:50] Traceback (most recent call last):
[13:57:50]   File "C:\Users\1409313\AppData\Local\Programs\Python\Python312\Lib\socketserver.py", line 697, in process_request_thread
[13:57:50]     self.finish_request(request, client_address)
[13:57:50]   File "C:\Users\1409313\AppData\Local\Programs\Python\Python312\Lib\socketserver.py", line 362, in finish_request
[13:57:50]     self.RequestHandlerClass(request, client_address, self)
[13:57:50]   File "C:\Users\1409313\AppData\Local\Programs\Python\Python312\Lib\socketserver.py", line 764, in __init__
[13:57:50]     self.setup()
[13:57:50]   File "\\tw100049089\00_MyAgent\Roller Mark 背污逐站檢\前後段拆分版\HTA版本\APP.PY", line 186, in _hta_setup
[13:57:50]     self._hta_t0 = _hta_time.time()
[13:57:50]                    ^^^^^^^^^
[13:57:50] NameError: name '_hta_time' is not defined
[13:57:50] ----------------------------------------
[13:57:51] ----------------------------------------
[13:57:51] Exception occurred during processing of request from ('127.0.0.1', 62107)
[13:57:51] Traceback (most recent call last):
[13:57:51]   File "C:\Users\1409313\AppData\Local\Programs\Python\Python312\Lib\socketserver.py", line 697, in process_request_thread
[13:57:51]     self.finish_request(request, client_address)
[13:57:51]   File "C:\Users\1409313\AppData\Local\Programs\Python\Python312\Lib\socketserver.py", line 362, in finish_request
[13:57:51]     self.RequestHandlerClass(request, client_address, self)
[13:57:51]   File "C:\Users\1409313\AppData\Local\Programs\Python\Python312\Lib\socketserver.py", line 764, in __init__
[13:57:51]     self.setup()
[13:57:51]   File "\\tw100049089\00_MyAgent\Roller Mark 背污逐站檢\前後段拆分版\HTA版本\APP.PY", line 186, in _hta_setup
[13:57:51]     self._hta_t0 = _hta_time.time()
[13:57:51]                    ^^^^^^^^^
[13:57:51] NameError: name '_hta_time' is not defined
[13:57:51] ----------------------------------------
[13:57:51] ----------------------------------------
[13:57:51] Exception occurred during processing of request from ('127.0.0.1', 62108)
[13:57:51] Traceback (most recent call last):
[13:57:51]   File "C:\Users\1409313\AppData\Local\Programs\Python\Python312\Lib\socketserver.py", line 697, in process_request_thread
[13:57:51]     self.finish_request(request, client_address)
[13:57:51]   File "C:\Users\1409313\AppData\Local\Programs\Python\Python312\Lib\socketserver.py", line 362, in finish_request
[13:57:51]     self.RequestHandlerClass(request, client_address, self)
[13:57:51]   File "C:\Users\1409313\AppData\Local\Programs\Python\Python312\Lib\socketserver.py", line 764, in __init__
[13:57:51]     self.setup()
[13:57:51]   File "\\tw100049089\00_MyAgent\Roller Mark 背污逐站檢\前後段拆分版\HTA版本\APP.PY", line 186, in _hta_setup
[13:57:51]     self._hta_t0 = _hta_time.time()
[13:57:51]                    ^^^^^^^^^
[13:57:51] NameError: name '_hta_time' is not defined
[13:57:51] ----------------------------------------
[13:57:52] ----------------------------------------
[13:57:52] Exception occurred during processing of request from ('127.0.0.1', 62109)
[13:57:52] Traceback (most recent call last):
[13:57:52]   File "C:\Users\1409313\AppData\Local\Programs\Python\Python312\Lib\socketserver.py", line 697, in process_request_thread
[13:57:52]     self.finish_request(request, client_address)
[13:57:52]   File "C:\Users\1409313\AppData\Local\Programs\Python\Python312\Lib\socketserver.py", line 362, in finish_request
[13:57:52]     self.RequestHandlerClass(request, client_address, self)
[13:57:52]   File "C:\Users\1409313\AppData\Local\Programs\Python\Python312\Lib\socketserver.py", line 764, in __init__
[13:57:52]     self.setup()
[13:57:52]   File "\\tw100049089\00_MyAgent\Roller Mark 背污逐站檢\前後段拆分版\HTA版本\APP.PY", line 186, in _hta_setup
[13:57:52]     self._hta_t0 = _hta_time.time()
[13:57:52]                    ^^^^^^^^^
[13:57:52] NameError: name '_hta_time' is not defined
[13:57:52] ----------------------------------------
[13:57:52] ----------------------------------------
[13:57:52] Exception occurred during processing of request from ('127.0.0.1', 62110)
[13:57:52] Traceback (most recent call last):
[13:57:52]   File "C:\Users\1409313\AppData\Local\Programs\Python\Python312\Lib\socketserver.py", line 697, in process_request_thread
[13:57:52]     self.finish_request(request, client_address)
[13:57:52]   File "C:\Users\1409313\AppData\Local\Programs\Python\Python312\Lib\socketserver.py", line 362, in finish_request
[13:57:52]     self.RequestHandlerClass(request, client_address, self)
[13:57:52]   File "C:\Users\1409313\AppData\Local\Programs\Python\Python312\Lib\socketserver.py", line 764, in __init__
[13:57:52]     self.setup()
[13:57:52]   File "\\tw100049089\00_MyAgent\Roller Mark 背污逐站檢\前後段拆分版\HTA版本\APP.PY", line 186, in _hta_setup
[13:57:52]     self._hta_t0 = _hta_time.time()
[13:57:52]                    ^^^^^^^^^
[13:57:52] NameError: name '_hta_time' is not defined
[13:57:52] ----------------------------------------
[13:57:53] ----------------------------------------
[13:57:53] Exception occurred during processing of request from ('127.0.0.1', 62111)
[13:57:53] Traceback (most recent call last):
[13:57:53]   File "C:\Users\1409313\AppData\Local\Programs\Python\Python312\Lib\socketserver.py", line 697, in process_request_thread
[13:57:53]     self.finish_request(request, client_address)
[13:57:53]   File "C:\Users\1409313\AppData\Local\Programs\Python\Python312\Lib\socketserver.py", line 362, in finish_request
[13:57:53]     self.RequestHandlerClass(request, client_address, self)
[13:57:53]   File "C:\Users\1409313\AppData\Local\Programs\Python\Python312\Lib\socketserver.py", line 764, in __init__
[13:57:53]     self.setup()
[13:57:53]   File "\\tw100049089\00_MyAgent\Roller Mark 背污逐站檢\前後段拆分版\HTA版本\APP.PY", line 186, in _hta_setup
[13:57:53]     self._hta_t0 = _hta_time.time()
[13:57:53]                    ^^^^^^^^^
[13:57:53] NameError: name '_hta_time' is not defined
[13:57:53] ----------------------------------------
[13:57:53] ----------------------------------------
[13:57:53] Exception occurred during processing of request from ('127.0.0.1', 62112)
[13:57:53] Traceback (most recent call last):
[13:57:53]   File "C:\Users\1409313\AppData\Local\Programs\Python\Python312\Lib\socketserver.py", line 697, in process_request_thread
[13:57:53]     self.finish_request(request, client_address)
[13:57:53]   File "C:\Users\1409313\AppData\Local\Programs\Python\Python312\Lib\socketserver.py", line 362, in finish_request
[13:57:53]     self.RequestHandlerClass(request, client_address, self)
[13:57:53]   File "C:\Users\1409313\AppData\Local\Programs\Python\Python312\Lib\socketserver.py", line 764, in __init__
[13:57:53]     self.setup()
[13:57:53]   File "\\tw100049089\00_MyAgent\Roller Mark 背污逐站檢\前後段拆分版\HTA版本\APP.PY", line 186, in _hta_setup
[13:57:53]     self._hta_t0 = _hta_time.time()
[13:57:53]                    ^^^^^^^^^
[13:57:53] NameError: name '_hta_time' is not defined
[13:57:53] ----------------------------------------
[13:57:54] ----------------------------------------
[13:57:54] Exception occurred during processing of request from ('127.0.0.1', 62115)
[13:57:54] Traceback (most recent call last):
[13:57:54]   File "C:\Users\1409313\AppData\Local\Programs\Python\Python312\Lib\socketserver.py", line 697, in process_request_thread
[13:57:54]     self.finish_request(request, client_address)
[13:57:54]   File "C:\Users\1409313\AppData\Local\Programs\Python\Python312\Lib\socketserver.py", line 362, in finish_request
[13:57:54]     self.RequestHandlerClass(request, client_address, self)
[13:57:54]   File "C:\Users\1409313\AppData\Local\Programs\Python\Python312\Lib\socketserver.py", line 764, in __init__
[13:57:54]     self.setup()
[13:57:54]   File "\\tw100049089\00_MyAgent\Roller Mark 背污逐站檢\前後段拆分版\HTA版本\APP.PY", line 186, in _hta_setup
[13:57:54]     self._hta_t0 = _hta_time.time()
[13:57:54]                    ^^^^^^^^^
[13:57:54] NameError: name '_hta_time' is not defined
[13:57:54] ----------------------------------------
[13:57:54] ----------------------------------------
[13:57:54] Exception occurred during processing of request from ('127.0.0.1', 62116)
[13:57:54] Traceback (most recent call last):
[13:57:54]   File "C:\Users\1409313\AppData\Local\Programs\Python\Python312\Lib\socketserver.py", line 697, in process_request_thread
[13:57:54]     self.finish_request(request, client_address)
[13:57:54]   File "C:\Users\1409313\AppData\Local\Programs\Python\Python312\Lib\socketserver.py", line 362, in finish_request
[13:57:54]     self.RequestHandlerClass(request, client_address, self)
[13:57:54]   File "C:\Users\1409313\AppData\Local\Programs\Python\Python312\Lib\socketserver.py", line 764, in __init__
[13:57:54]     self.setup()
[13:57:54]   File "\\tw100049089\00_MyAgent\Roller Mark 背污逐站檢\前後段拆分版\HTA版本\APP.PY", line 186, in _hta_setup
[13:57:54]     self._hta_t0 = _hta_time.time()
[13:57:54]                    ^^^^^^^^^
[13:57:54] NameError: name '_hta_time' is not defined
[13:57:54] ----------------------------------------
[13:57:55] ----------------------------------------
[13:57:55] Exception occurred during processing of request from ('127.0.0.1', 62117)
[13:57:55] Traceback (most recent call last):
[13:57:55]   File "C:\Users\1409313\AppData\Local\Programs\Python\Python312\Lib\socketserver.py", line 697, in process_request_thread
[13:57:55]     self.finish_request(request, client_address)
[13:57:55]   File "C:\Users\1409313\AppData\Local\Programs\Python\Python312\Lib\socketserver.py", line 362, in finish_request
[13:57:55]     self.RequestHandlerClass(request, client_address, self)
[13:57:55]   File "C:\Users\1409313\AppData\Local\Programs\Python\Python312\Lib\socketserver.py", line 764, in __init__
[13:57:55]     self.setup()
[13:57:55]   File "\\tw100049089\00_MyAgent\Roller Mark 背污逐站檢\前後段拆分版\HTA版本\APP.PY", line 186, in _hta_setup
[13:57:55]     self._hta_t0 = _hta_time.time()
[13:57:55]                    ^^^^^^^^^
[13:57:55] NameError: name '_hta_time' is not defined
[13:57:55] ----------------------------------------
[13:57:56] ----------------------------------------
[13:57:56] Exception occurred during processing of request from ('127.0.0.1', 62122)
[13:57:56] ----------------------------------------
[13:57:56] Exception occurred during processing of request from ('127.0.0.1', 62123)
[13:57:56] Traceback (most recent call last):
[13:57:56]   File "C:\Users\1409313\AppData\Local\Programs\Python\Python312\Lib\socketserver.py", line 697, in process_request_thread
[13:57:56]     self.finish_request(request, client_address)
[13:57:56]   File "C:\Users\1409313\AppData\Local\Programs\Python\Python312\Lib\socketserver.py", line 362, in finish_request
[13:57:56]     self.RequestHandlerClass(request, client_address, self)
[13:57:56]   File "C:\Users\1409313\AppData\Local\Programs\Python\Python312\Lib\socketserver.py", line 764, in __init__
[13:57:56]     self.setup()
[13:57:56]   File "\\tw100049089\00_MyAgent\Roller Mark 背污逐站檢\前後段拆分版\HTA版本\APP.PY", line 186, in _hta_setup
[13:57:56]     self._hta_t0 = _hta_time.time()
[13:57:56]                    ^^^^^^^^^
[13:57:56] NameError: name '_hta_time' is not defined
[13:57:56] ----------------------------------------
[13:57:56] Traceback (most recent call last):
[13:57:56]   File "C:\Users\1409313\AppData\Local\Programs\Python\Python312\Lib\socketserver.py", line 697, in process_request_thread
[13:57:56]     self.finish_request(request, client_address)
[13:57:56]   File "C:\Users\1409313\AppData\Local\Programs\Python\Python312\Lib\socketserver.py", line 362, in finish_request
[13:57:56]     self.RequestHandlerClass(request, client_address, self)
[13:57:56]   File "C:\Users\1409313\AppData\Local\Programs\Python\Python312\Lib\socketserver.py", line 764, in __init__
[13:57:56]     self.setup()
[13:57:56]   File "\\tw100049089\00_MyAgent\Roller Mark 背污逐站檢\前後段拆分版\HTA版本\APP.PY", line 186, in _hta_setup
[13:57:56]     self._hta_t0 = _hta_time.time()
[13:57:56]                    ^^^^^^^^^
[13:57:56] NameError: name '_hta_time' is not defined
[13:57:56] ----------------------------------------
[13:57:56] ----------------------------------------
[13:57:56] Exception occurred during processing of request from ('127.0.0.1', 62125)
[13:57:56] Traceback (most recent call last):
[13:57:56]   File "C:\Users\1409313\AppData\Local\Programs\Python\Python312\Lib\socketserver.py", line 697, in process_request_thread
[13:57:56]     self.finish_request(request, client_address)
[13:57:56]   File "C:\Users\1409313\AppData\Local\Programs\Python\Python312\Lib\socketserver.py", line 362, in finish_request
[13:57:56]     self.RequestHandlerClass(request, client_address, self)
[13:57:56]   File "C:\Users\1409313\AppData\Local\Programs\Python\Python312\Lib\socketserver.py", line 764, in __init__
[13:57:56]     self.setup()
[13:57:56]   File "\\tw100049089\00_MyAgent\Roller Mark 背污逐站檢\前後段拆分版\HTA版本\APP.PY", line 186, in _hta_setup
[13:57:56]     self._hta_t0 = _hta_time.time()
[13:57:56]                    ^^^^^^^^^
[13:57:56] NameError: name '_hta_time' is not defined
[13:57:56] ----------------------------------------
[13:57:56] ----------------------------------------
[13:57:56] Exception occurred during processing of request from ('127.0.0.1', 62126)
[13:57:56] Traceback (most recent call last):
[13:57:56]   File "C:\Users\1409313\AppData\Local\Programs\Python\Python312\Lib\socketserver.py", line 697, in process_request_thread
[13:57:56]     self.finish_request(request, client_address)
[13:57:56]   File "C:\Users\1409313\AppData\Local\Programs\Python\Python312\Lib\socketserver.py", line 362, in finish_request
[13:57:56]     self.RequestHandlerClass(request, client_address, self)
[13:57:56]   File "C:\Users\1409313\AppData\Local\Programs\Python\Python312\Lib\socketserver.py", line 764, in __init__
[13:57:56]     self.setup()
[13:57:56]   File "\\tw100049089\00_MyAgent\Roller Mark 背污逐站檢\前後段拆分版\HTA版本\APP.PY", line 186, in _hta_setup
[13:57:56]     self._hta_t0 = _hta_time.time()
[13:57:56]                    ^^^^^^^^^
[13:57:56] NameError: name '_hta_time' is not defined
[13:57:56] ----------------------------------------
[13:57:58] ----------------------------------------
[13:57:58] Exception occurred during processing of request from ('127.0.0.1', 62133)
[13:57:58] ----------------------------------------
[13:57:58] Exception occurred during processing of request from ('127.0.0.1', 62134)
[13:57:58] Traceback (most recent call last):
[13:57:58]   File "C:\Users\1409313\AppData\Local\Programs\Python\Python312\Lib\socketserver.py", line 697, in process_request_thread
[13:57:58]     self.finish_request(request, client_address)
[13:57:58]   File "C:\Users\1409313\AppData\Local\Programs\Python\Python312\Lib\socketserver.py", line 362, in finish_request
[13:57:58]     self.RequestHandlerClass(request, client_address, self)
[13:57:58]   File "C:\Users\1409313\AppData\Local\Programs\Python\Python312\Lib\socketserver.py", line 764, in __init__
[13:57:58]     self.setup()
[13:57:58]   File "\\tw100049089\00_MyAgent\Roller Mark 背污逐站檢\前後段拆分版\HTA版本\APP.PY", line 186, in _hta_setup
[13:57:58]     self._hta_t0 = _hta_time.time()
[13:57:58]                    ^^^^^^^^^
[13:57:58] NameError: name '_hta_time' is not defined
[13:57:58] ----------------------------------------
[13:57:58] Traceback (most recent call last):
[13:57:58]   File "C:\Users\1409313\AppData\Local\Programs\Python\Python312\Lib\socketserver.py", line 697, in process_request_thread
[13:57:58]     self.finish_request(request, client_address)
[13:57:58]   File "C:\Users\1409313\AppData\Local\Programs\Python\Python312\Lib\socketserver.py", line 362, in finish_request
[13:57:58]     self.RequestHandlerClass(request, client_address, self)
[13:57:58]   File "C:\Users\1409313\AppData\Local\Programs\Python\Python312\Lib\socketserver.py", line 764, in __init__
[13:57:58]     self.setup()
[13:57:58]   File "\\tw100049089\00_MyAgent\Roller Mark 背污逐站檢\前後段拆分版\HTA版本\APP.PY", line 186, in _hta_setup
[13:57:58]     self._hta_t0 = _hta_time.time()
[13:57:58]                    ^^^^^^^^^
[13:57:58] NameError: name '_hta_time' is not defined
[13:57:58] ----------------------------------------
[13:57:58] ----------------------------------------
[13:57:58] Exception occurred during processing of request from ('127.0.0.1', 62136)
[13:57:58] Traceback (most recent call last):
[13:57:58]   File "C:\Users\1409313\AppData\Local\Programs\Python\Python312\Lib\socketserver.py", line 697, in process_request_thread
[13:57:58]     self.finish_request(request, client_address)
[13:57:58]   File "C:\Users\1409313\AppData\Local\Programs\Python\Python312\Lib\socketserver.py", line 362, in finish_request
[13:57:58]     self.RequestHandlerClass(request, client_address, self)
[13:57:58]   File "C:\Users\1409313\AppData\Local\Programs\Python\Python312\Lib\socketserver.py", line 764, in __init__
[13:57:58]     self.setup()
[13:57:58]   File "\\tw100049089\00_MyAgent\Roller Mark 背污逐站檢\前後段拆分版\HTA版本\APP.PY", line 186, in _hta_setup
[13:57:58]     self._hta_t0 = _hta_time.time()
[13:57:58]                    ^^^^^^^^^
[13:57:58] NameError: name '_hta_time' is not defined
[13:57:58] ----------------------------------------
[13:57:58] ----------------------------------------
[13:57:58] Exception occurred during processing of request from ('127.0.0.1', 62142)
[13:57:58] ----------------------------------------
[13:57:58] Exception occurred during processing of request from ('127.0.0.1', 62143)
[13:57:58] Traceback (most recent call last):
[13:57:58]   File "C:\Users\1409313\AppData\Local\Programs\Python\Python312\Lib\socketserver.py", line 697, in process_request_thread
[13:57:58]     self.finish_request(request, client_address)
[13:57:58]   File "C:\Users\1409313\AppData\Local\Programs\Python\Python312\Lib\socketserver.py", line 362, in finish_request
[13:57:58]     self.RequestHandlerClass(request, client_address, self)
[13:57:58]   File "C:\Users\1409313\AppData\Local\Programs\Python\Python312\Lib\socketserver.py", line 764, in __init__
[13:57:58]     self.setup()
[13:57:58]   File "\\tw100049089\00_MyAgent\Roller Mark 背污逐站檢\前後段拆分版\HTA版本\APP.PY", line 186, in _hta_setup
[13:57:58]     self._hta_t0 = _hta_time.time()
[13:57:58]                    ^^^^^^^^^
[13:57:58] NameError: name '_hta_time' is not defined
[13:57:58] ----------------------------------------
[13:57:58] Traceback (most recent call last):
[13:57:58]   File "C:\Users\1409313\AppData\Local\Programs\Python\Python312\Lib\socketserver.py", line 697, in process_request_thread
[13:57:58]     self.finish_request(request, client_address)
[13:57:58]   File "C:\Users\1409313\AppData\Local\Programs\Python\Python312\Lib\socketserver.py", line 362, in finish_request
[13:57:58]     self.RequestHandlerClass(request, client_address, self)
[13:57:58]   File "C:\Users\1409313\AppData\Local\Programs\Python\Python312\Lib\socketserver.py", line 764, in __init__
[13:57:58]     self.setup()
[13:57:58]   File "\\tw100049089\00_MyAgent\Roller Mark 背污逐站檢\前後段拆分版\HTA版本\APP.PY", line 186, in _hta_setup
[13:57:58]     self._hta_t0 = _hta_time.time()
[13:57:58]                    ^^^^^^^^^
[13:57:58] NameError: name '_hta_time' is not defined
[13:57:58] ----------------------------------------
[13:57:58] ----------------------------------------
[13:57:58] Exception occurred during processing of request from ('127.0.0.1', 62145)
[13:57:58] Traceback (most recent call last):
[13:57:58]   File "C:\Users\1409313\AppData\Local\Programs\Python\Python312\Lib\socketserver.py", line 697, in process_request_thread
[13:57:59]     self.finish_request(request, client_address)
[13:57:59]   File "C:\Users\1409313\AppData\Local\Programs\Python\Python312\Lib\socketserver.py", line 362, in finish_request
[13:57:59]     self.RequestHandlerClass(request, client_address, self)
[13:57:59]   File "C:\Users\1409313\AppData\Local\Programs\Python\Python312\Lib\socketserver.py", line 764, in __init__
[13:57:59]     self.setup()
[13:57:59]   File "\\tw100049089\00_MyAgent\Roller Mark 背污逐站檢\前後段拆分版\HTA版本\APP.PY", line 186, in _hta_setup
[13:57:59]     self._hta_t0 = _hta_time.time()
[13:57:59]                    ^^^^^^^^^
[13:57:59] NameError: name '_hta_time' is not defined
[13:57:59] ----------------------------------------
[13:58:00] ----------------------------------------
[13:58:00] Exception occurred during processing of request from ('127.0.0.1', 62159)
[13:58:00] ----------------------------------------
[13:58:00] Exception occurred during processing of request from ('127.0.0.1', 62160)
[13:58:00] Traceback (most recent call last):
[13:58:00]   File "C:\Users\1409313\AppData\Local\Programs\Python\Python312\Lib\socketserver.py", line 697, in process_request_thread
[13:58:00]     self.finish_request(request, client_address)
[13:58:00]   File "C:\Users\1409313\AppData\Local\Programs\Python\Python312\Lib\socketserver.py", line 362, in finish_request
[13:58:00]     self.RequestHandlerClass(request, client_address, self)
[13:58:00]   File "C:\Users\1409313\AppData\Local\Programs\Python\Python312\Lib\socketserver.py", line 764, in __init__
[13:58:00]     self.setup()
[13:58:00]   File "\\tw100049089\00_MyAgent\Roller Mark 背污逐站檢\前後段拆分版\HTA版本\APP.PY", line 186, in _hta_setup
[13:58:00]     self._hta_t0 = _hta_time.time()
[13:58:00]                    ^^^^^^^^^
[13:58:00] NameError: name '_hta_time' is not defined
[13:58:00] ----------------------------------------
[13:58:00] Traceback (most recent call last):
[13:58:00]   File "C:\Users\1409313\AppData\Local\Programs\Python\Python312\Lib\socketserver.py", line 697, in process_request_thread
[13:58:00]     self.finish_request(request, client_address)
[13:58:00]   File "C:\Users\1409313\AppData\Local\Programs\Python\Python312\Lib\socketserver.py", line 362, in finish_request
[13:58:00]     self.RequestHandlerClass(request, client_address, self)
[13:58:00]   File "C:\Users\1409313\AppData\Local\Programs\Python\Python312\Lib\socketserver.py", line 764, in __init__
[13:58:00]     self.setup()
[13:58:00]   File "\\tw100049089\00_MyAgent\Roller Mark 背污逐站檢\前後段拆分版\HTA版本\APP.PY", line 186, in _hta_setup
[13:58:00]     self._hta_t0 = _hta_time.time()
[13:58:00]                    ^^^^^^^^^
[13:58:00] NameError: name '_hta_time' is not defined
[13:58:00] ----------------------------------------
[13:58:00] ----------------------------------------
[13:58:00] Exception occurred during processing of request from ('127.0.0.1', 62162)
[13:58:00] Traceback (most recent call last):
[13:58:00]   File "C:\Users\1409313\AppData\Local\Programs\Python\Python312\Lib\socketserver.py", line 697, in process_request_thread
[13:58:00]     self.finish_request(request, client_address)
[13:58:00]   File "C:\Users\1409313\AppData\Local\Programs\Python\Python312\Lib\socketserver.py", line 362, in finish_request
[13:58:00]     self.RequestHandlerClass(request, client_address, self)
[13:58:00]   File "C:\Users\1409313\AppData\Local\Programs\Python\Python312\Lib\socketserver.py", line 764, in __init__
[13:58:00]     self.setup()
[13:58:00]   File "\\tw100049089\00_MyAgent\Roller Mark 背污逐站檢\前後段拆分版\HTA版本\APP.PY", line 186, in _hta_setup
[13:58:00]     self._hta_t0 = _hta_time.time()
[13:58:00]                    ^^^^^^^^^
[13:58:00] NameError: name '_hta_time' is not defined
[13:58:00] ----------------------------------------
[13:58:05] ----------------------------------------
[13:58:05] Exception occurred during processing of request from ('127.0.0.1', 62170)
[13:58:05] ----------------------------------------
[13:58:05] Exception occurred during processing of request from ('127.0.0.1', 62171)
[13:58:05] Traceback (most recent call last):
[13:58:05]   File "C:\Users\1409313\AppData\Local\Programs\Python\Python312\Lib\socketserver.py", line 697, in process_request_thread
[13:58:05]     self.finish_request(request, client_address)
[13:58:05]   File "C:\Users\1409313\AppData\Local\Programs\Python\Python312\Lib\socketserver.py", line 362, in finish_request
[13:58:05]     self.RequestHandlerClass(request, client_address, self)
[13:58:05]   File "C:\Users\1409313\AppData\Local\Programs\Python\Python312\Lib\socketserver.py", line 764, in __init__
[13:58:05]     self.setup()
[13:58:05]   File "\\tw100049089\00_MyAgent\Roller Mark 背污逐站檢\前後段拆分版\HTA版本\APP.PY", line 186, in _hta_setup
[13:58:05]     self._hta_t0 = _hta_time.time()
[13:58:05]                    ^^^^^^^^^
[13:58:05] NameError: name '_hta_time' is not defined
[13:58:05] ----------------------------------------
[13:58:05] Traceback (most recent call last):
[13:58:05]   File "C:\Users\1409313\AppData\Local\Programs\Python\Python312\Lib\socketserver.py", line 697, in process_request_thread
[13:58:05]     self.finish_request(request, client_address)
[13:58:05]   File "C:\Users\1409313\AppData\Local\Programs\Python\Python312\Lib\socketserver.py", line 362, in finish_request
[13:58:05]     self.RequestHandlerClass(request, client_address, self)
[13:58:05]   File "C:\Users\1409313\AppData\Local\Programs\Python\Python312\Lib\socketserver.py", line 764, in __init__
[13:58:05]     self.setup()
[13:58:05]   File "\\tw100049089\00_MyAgent\Roller Mark 背污逐站檢\前後段拆分版\HTA版本\APP.PY", line 186, in _hta_setup
[13:58:05]     self._hta_t0 = _hta_time.time()
[13:58:05]                    ^^^^^^^^^
[13:58:05] NameError: name '_hta_time' is not defined
[13:58:05] ----------------------------------------
[13:58:05] ----------------------------------------
[13:58:05] Exception occurred during processing of request from ('127.0.0.1', 62172)
[13:58:05] Traceback (most recent call last):
[13:58:05]   File "C:\Users\1409313\AppData\Local\Programs\Python\Python312\Lib\socketserver.py", line 697, in process_request_thread
[13:58:05]     self.finish_request(request, client_address)
[13:58:05]   File "C:\Users\1409313\AppData\Local\Programs\Python\Python312\Lib\socketserver.py", line 362, in finish_request
[13:58:05]     self.RequestHandlerClass(request, client_address, self)
[13:58:05]   File "C:\Users\1409313\AppData\Local\Programs\Python\Python312\Lib\socketserver.py", line 764, in __init__
[13:58:05]     self.setup()
[13:58:05]   File "\\tw100049089\00_MyAgent\Roller Mark 背污逐站檢\前後段拆分版\HTA版本\APP.PY", line 186, in _hta_setup
[13:58:05]     self._hta_t0 = _hta_time.time()
[13:58:05]                    ^^^^^^^^^
[13:58:05] NameError: name '_hta_time' is not defined
[13:58:05] ----------------------------------------

====================================================
[ 啟動於 2026-09-23 13:58:38 ]
====================================================
[14:14:39] ✅ [FEOL] 資料夾初始化成功
[14:14:39]    TXT_DIR:     \\TW100049089\ml8bc1\逐站檢資料\records
[14:14:39]    PHOTOS_DIR:  \\TW100049089\ml8bc1\逐站檢資料\pic
[14:14:39]    MACHINE_TXT: \\TW100049089\ml8bc1\逐站檢資料\machine\machine_data.txt
[14:14:39] ✅ 機台資料載入完成：9,051 筆，按 y1 排序
[14:14:39] ✅ [BEOL] 資料夾初始化成功
[14:14:39]    BEOL_TXT_DIR:    \\TW100049089\ml8bc1\逐站檢資料\records_beol
[14:14:39]    BEOL_PHOTOS_DIR: \\TW100049089\ml8bc1\逐站檢資料\pic_beol
[14:14:39] [2026-09-23 13:58:39] [INFO] Starting Roller Mark Backend (HTA Mode)
[14:14:39] [2026-09-23 13:58:39] [INFO] FEOL — TXT_DIR: \\TW100049089\ml8bc1\逐站檢資料\records
[14:14:39] [2026-09-23 13:58:39] [INFO] FEOL — PHOTOS:  \\TW100049089\ml8bc1\逐站檢資料\pic
[14:14:39] [2026-09-23 13:58:39] [INFO] BEOL — TXT_DIR: \\TW100049089\ml8bc1\逐站檢資料\records_beol
[14:14:39] [2026-09-23 13:58:39] [INFO] BEOL — PHOTOS:  \\TW100049089\ml8bc1\逐站檢資料\pic_beol
[14:14:39] [2026-09-23 13:58:39] [INFO] HTTP Server ready -> http://localhost:5102
[14:14:39] [2026-09-23 13:58:39] [INFO] Press Ctrl+C to stop
[14:14:39] 
[14:14:39] [2026-09-23 13:58:44] [INFO] GET /
[14:14:39] [2026-09-23 13:58:44] [INFO] "GET / HTTP/1.1" 200 -
[14:14:39] [2026-09-23 13:58:44] [INFO] HTML served: index.html
[14:14:39] [2026-09-23 13:58:44] [INFO] GET /common.js
[14:14:39] [2026-09-23 13:58:44] [INFO] "GET /common.js HTTP/1.1" 404 -
[14:14:39] [2026-09-23 13:58:46] [INFO] GET /feol.html
[14:14:39] [2026-09-23 13:58:46] [INFO] "GET /feol.html HTTP/1.1" 200 -
[14:14:39] [2026-09-23 13:58:46] [INFO] HTML served: feol.html
[14:14:39] [2026-09-23 13:58:46] [INFO] GET /feol/feol.css
[14:14:39] [2026-09-23 13:58:46] [INFO] "GET /feol/feol.css HTTP/1.1" 200 -
[14:14:39] [2026-09-23 13:58:46] [INFO] Static served: feol/feol.css
[14:14:39] [2026-09-23 13:58:46] [INFO] GET /feol/feol_common.js
[14:14:39] [2026-09-23 13:58:46] [INFO] GET /feol/feol_keyin.js
[14:14:39] [2026-09-23 13:58:46] [INFO] GET /feol/feol_photo.js
[14:14:39] [2026-09-23 13:58:46] [INFO] GET /feol/feol_search.js
[14:14:39] [2026-09-23 13:58:46] [INFO] GET /feol/feol_import.js
[14:14:39] [2026-09-23 13:58:46] [INFO] "GET /feol/feol_common.js HTTP/1.1" 200 -
[14:14:39] [2026-09-23 13:58:46] [INFO] Static served: feol/feol_common.js
[14:14:39] [2026-09-23 13:58:46] [INFO] "GET /feol/feol_photo.js HTTP/1.1" 200 -
[14:14:39] [2026-09-23 13:58:46] [INFO] "GET /feol/feol_keyin.js HTTP/1.1" 200 -
[14:14:39] [2026-09-23 13:58:46] [INFO] Static served: feol/feol_photo.js
[14:14:39] [2026-09-23 13:58:46] [INFO] Static served: feol/feol_keyin.js
[14:14:39] [2026-09-23 13:58:46] [INFO] "GET /feol/feol_import.js HTTP/1.1" 200 -
[14:14:39] [2026-09-23 13:58:46] [INFO] "GET /feol/feol_search.js HTTP/1.1" 200 -
[14:14:39] [2026-09-23 13:58:46] [INFO] Static served: feol/feol_import.js
[14:14:39] [2026-09-23 13:58:46] [INFO] Static served: feol/feol_search.js
[14:14:39] [2026-09-23 13:58:47] [INFO] GET /feol/feol_summary.js
[14:14:39] [2026-09-23 13:58:47] [INFO] "GET /feol/feol_summary.js HTTP/1.1" 200 -
[14:14:39] [2026-09-23 13:58:47] [INFO] Static served: feol/feol_summary.js
[14:14:39] [2026-09-23 13:58:47] [INFO] GET /feol/feol_mcmap.js
[14:14:39] [2026-09-23 13:58:47] [INFO] GET /feol/feol_bulkedit.js
[14:14:39] [2026-09-23 13:58:47] [INFO] "GET /feol/feol_mcmap.js HTTP/1.1" 200 -
[14:14:39] [2026-09-23 13:58:47] [INFO] "GET /feol/feol_bulkedit.js HTTP/1.1" 200 -
[14:14:39] [2026-09-23 13:58:47] [INFO] Static served: feol/feol_bulkedit.js
[14:14:39] [2026-09-23 13:58:47] [INFO] Static served: feol/feol_mcmap.js
[14:14:39] [2026-09-23 13:58:48] [INFO] GET /api/search
[14:14:39] [2026-09-23 13:58:48] [INFO] "GET /api/search?dateFrom=2026-09-18&dateTo=2026-09-23&model=&station=&line=&tc=&level=&empId=&sheetId= HTTP/1.1" 200 -
[14:14:39] [2026-09-23 13:58:48] [INFO] POST /api/machine/match
[14:14:39] [2026-09-23 13:58:48] [FEOL/INFO] 機台比對：506 筆，tolerance=1.0cm
[14:14:39] [2026-09-23 13:58:48] [INFO] "POST /api/machine/match HTTP/1.1" 200 -
[14:14:39] [2026-09-23 13:58:48] [INFO] POST /api/check/isnew
[14:14:39] [2026-09-23 13:58:49] [INFO] "POST /api/check/isnew HTTP/1.1" 200 -
[14:14:39] [2026-09-23 13:59:00] [INFO] code 501, message Unsupported method ('HEAD')
[14:14:39] [2026-09-23 13:59:00] [INFO] "HEAD / HTTP/1.1" 501 -
[14:14:39] [2026-09-23 13:59:01] [INFO] GET /
[14:14:39] [2026-09-23 13:59:01] [INFO] "GET / HTTP/1.1" 200 -
[14:14:39] [2026-09-23 13:59:01] [INFO] HTML served: index.html
[14:14:39] [2026-09-23 13:59:01] [INFO] GET /common.js
[14:14:39] [2026-09-23 13:59:01] [INFO] "GET /common.js HTTP/1.1" 404 -
[14:14:39] [2026-09-23 14:01:30] [INFO] code 501, message Unsupported method ('HEAD')
[14:14:39] [2026-09-23 14:01:30] [INFO] "HEAD / HTTP/1.1" 501 -
[14:14:39] [2026-09-23 14:01:30] [INFO] GET /
[14:14:39] [2026-09-23 14:01:31] [INFO] "GET / HTTP/1.1" 200 -
[14:14:39] [2026-09-23 14:01:31] [INFO] HTML served: index.html
[14:14:39] [2026-09-23 14:01:31] [INFO] GET /common.js
[14:14:39] [2026-09-23 14:01:31] [INFO] "GET /common.js HTTP/1.1" 404 -
[14:14:39] [2026-09-23 14:14:22] [INFO] GET /
[14:14:39] [2026-09-23 14:14:22] [INFO] "GET / HTTP/1.1" 200 -
[14:14:39] [2026-09-23 14:14:22] [INFO] HTML served: index.html
[14:14:39] [2026-09-23 14:14:22] [INFO] GET /common.js
[14:14:39] [2026-09-23 14:14:22] [INFO] "GET /common.js HTTP/1.1" 404 -
[14:14:39] [2026-09-23 14:14:24] [INFO] GET /feol.html
[14:14:39] [2026-09-23 14:14:24] [INFO] "GET /feol.html HTTP/1.1" 200 -
[14:14:39] [2026-09-23 14:14:24] [INFO] HTML served: feol.html
[14:14:39] [2026-09-23 14:14:24] [INFO] GET /feol/feol.css
[14:14:39] [2026-09-23 14:14:24] [INFO] GET /feol/feol_common.js
[14:14:39] [2026-09-23 14:14:24] [INFO] GET /feol/feol_keyin.js
[14:14:39] [2026-09-23 14:14:24] [INFO] GET /feol/feol_photo.js
[14:14:39] [2026-09-23 14:14:24] [INFO] GET /feol/feol_search.js
[14:14:39] [2026-09-23 14:14:24] [INFO] GET /feol/feol_import.js
[14:14:39] [2026-09-23 14:14:24] [INFO] "GET /feol/feol_common.js HTTP/1.1" 200 -
[14:14:39] [2026-09-23 14:14:24] [INFO] Static served: feol/feol_common.js
[14:14:39] [2026-09-23 14:14:24] [INFO] "GET /feol/feol_photo.js HTTP/1.1" 200 -
[14:14:39] [2026-09-23 14:14:24] [INFO] Static served: feol/feol_photo.js
[14:14:39] [2026-09-23 14:14:24] [INFO] GET /feol/feol_summary.js
[14:14:39] [2026-09-23 14:14:24] [INFO] GET /feol/feol_mcmap.js
[14:14:39] [2026-09-23 14:14:24] [INFO] "GET /feol/feol_import.js HTTP/1.1" 200 -
[14:14:39] [2026-09-23 14:14:24] [INFO] Static served: feol/feol_import.js
[14:14:39] [2026-09-23 14:14:24] [INFO] "GET /feol/feol.css HTTP/1.1" 200 -
[14:14:39] [2026-09-23 14:14:24] [INFO] Static served: feol/feol.css
[14:14:39] [2026-09-23 14:14:24] [INFO] "GET /feol/feol_keyin.js HTTP/1.1" 200 -
[14:14:39] [2026-09-23 14:14:24] [INFO] Static served: feol/feol_keyin.js
[14:14:39] [2026-09-23 14:14:24] [INFO] GET /feol/feol_bulkedit.js
[14:14:39] [2026-09-23 14:14:24] [INFO] "GET /feol/feol_search.js HTTP/1.1" 200 -
[14:14:39] [2026-09-23 14:14:24] [INFO] Static served: feol/feol_search.js
[14:14:39] [2026-09-23 14:14:24] [INFO] "GET /feol/feol_summary.js HTTP/1.1" 200 -
[14:14:39] [2026-09-23 14:14:24] [INFO] Static served: feol/feol_summary.js
[14:14:39] [2026-09-23 14:14:24] [INFO] "GET /feol/feol_mcmap.js HTTP/1.1" 200 -
[14:14:39] [2026-09-23 14:14:24] [INFO] Static served: feol/feol_mcmap.js
[14:14:39] [2026-09-23 14:14:24] [INFO] "GET /feol/feol_bulkedit.js HTTP/1.1" 200 -
[14:14:39] [2026-09-23 14:14:24] [INFO] Static served: feol/feol_bulkedit.js
[14:14:39] [2026-09-23 14:14:25] [INFO] GET /api/summary/bg_image
[14:14:39] [2026-09-23 14:14:25] [INFO] "GET /api/summary/bg_image HTTP/1.1" 200 -
[14:14:39] [2026-09-23 14:14:25] [FEOL/INFO] ✅ Summary 底圖已送出
[14:14:39] [2026-09-23 14:14:25] [INFO] GET /api/search
[14:14:39] [2026-09-23 14:14:26] [INFO] "GET /api/search?dateFrom=2026-09-18&dateTo=2026-09-23&model=&station=&line=&tc=&level=&empId=&sheetId= HTTP/1.1" 200 -
[14:14:39] [2026-09-23 14:14:26] [INFO] POST /api/machine/match
[14:14:39] [2026-09-23 14:14:26] [FEOL/INFO] 機台比對：506 筆，tolerance=1.0cm
[14:14:39] [2026-09-23 14:14:26] [INFO] POST /api/check/isnew
[14:14:39] [2026-09-23 14:14:26] [INFO] "POST /api/machine/match HTTP/1.1" 200 -
[14:14:39] [2026-09-23 14:14:27] [INFO] "POST /api/check/isnew HTTP/1.1" 200 -
[14:14:39] [2026-09-23 14:14:33] [INFO] GET /api/search
[14:14:39] [2026-09-23 14:14:33] [INFO] "GET /api/search?dateFrom=2026-09-18&dateTo=2026-09-23&model=&station=PI+%E5%BE%8C&line=&tc=&level=&empId=&sheetId= HTTP/1.1" 200 -
[14:14:39] [2026-09-23 14:14:35] [INFO] GET /api/search
[14:14:39] [2026-09-23 14:14:35] [INFO] "GET /api/search?dateFrom=2026-09-18&dateTo=2026-09-23&model=&station=PI+%E5%BE%8C&line=&tc=&level=&empId=&sheetId= HTTP/1.1" 200 -
[14:14:39] [2026-09-23 14:14:38] [INFO] GET /api/search
[14:14:39] [2026-09-23 14:14:38] [INFO] "GET /api/search?dateFrom=2026-09-01&dateTo=2026-09-23&model=&station=PI+%E5%BE%8C&line=&tc=&level=&empId=&sheetId= HTTP/1.1" 200 -
[14:14:39] [2026-09-23 14:14:38] [INFO] GET /api/photo
[14:14:39] [2026-09-23 14:14:38] [INFO] GET /api/photo
[14:14:39] [2026-09-23 14:14:38] [INFO] GET /api/photo
[14:14:39] [2026-09-23 14:14:38] [INFO] GET /api/photo
[14:14:39] [2026-09-23 14:14:38] [INFO] GET /api/photo
[14:14:39] [2026-09-23 14:14:38] [INFO] GET /api/photo
[14:14:40] [2026-09-23 14:14:39] [INFO] "GET /api/photo?path=%5C%5CTW100049089%5Cml8bc1%5C%E9%80%90%E7%AB%99%E6%AA%A2%E8%B3%87%E6%96%99%5Cpic%5C20260917_M270DAN13_PI%E5%BE%8C_C_X_Y150_paste1.png HTTP/1.1" 200 -[2026-09-23 14:14:39] [INFO] "GET /api/photo?path=%5C%5CTW100049089%5Cml8bc1%5C%E9%80%90%E7%AB%99%E6%AA%A2%E8%B3%87%E6%96%99%5Cpic%5C20260917_M270DAN13_PI%E5%BE%8C_C_X_Y179_paste1.png HTTP/1.1" 200 -
[14:14:40] [2026-09-23 14:14:39] [INFO] POST /api/machine/match
[14:14:40] [2026-09-23 14:14:39] [FEOL/INFO] 機台比對：208 筆，tolerance=1.0cm
[14:14:40] [2026-09-23 14:14:39] [INFO] "POST /api/machine/match HTTP/1.1" 200 -
[14:14:40] [2026-09-23 14:14:39] [INFO] "GET /api/photo?path=%5C%5CTW100049089%5Cml8bc1%5C%E9%80%90%E7%AB%99%E6%AA%A2%E8%B3%87%E6%96%99%5Cpic%5C20260917_M270DAN13_PI%E5%BE%8C_C_X_Y88_paste1.png HTTP/1.1" 200 -
[14:14:40] [2026-09-23 14:14:39] [INFO] POST /api/check/isnew
[14:14:40] [2026-09-23 14:14:39] [INFO] GET /api/photo
[14:14:40] [2026-09-23 14:14:39] [INFO] "GET /api/photo?path=%5C%5CTW100049089%5Cml8bc1%5C%E9%80%90%E7%AB%99%E6%AA%A2%E8%B3%87%E6%96%99%5Cpic%5C20260917_M270DAN13_PI%E5%BE%8C_C_X_Y64_paste1.png HTTP/1.1" 200 -
[14:14:40] [2026-09-23 14:14:39] [INFO] "GET /api/photo?path=%5C%5CTW100049089%5Cml8bc1%5C%E9%80%90%E7%AB%99%E6%AA%A2%E8%B3%87%E6%96%99%5Cpic%5C20260917_M270DAN13_PI%E5%BE%8C_C_X_Y49_paste1.png HTTP/1.1" 200 -
[14:14:40] [2026-09-23 14:14:39] [INFO] GET /api/photo
[14:14:40] [2026-09-23 14:14:39] [INFO] "GET /api/photo?path=%5C%5CTW100049089%5Cml8bc1%5C%E9%80%90%E7%AB%99%E6%AA%A2%E8%B3%87%E6%96%99%5Cpic%5C20260917_M270DAN13_PI%E5%BE%8C_C_X_Y153_paste1.png HTTP/1.1" 200 -
[14:14:40] [2026-09-23 14:14:39] [INFO] GET /api/photo
[14:14:40] 
[14:14:40] [2026-09-23 14:14:39] [INFO] GET /api/photo
[14:14:40] [2026-09-23 14:14:39] [INFO] GET /api/photo
[14:14:40] [2026-09-23 14:14:39] [INFO] "GET /api/photo?path=%5C%5CTW100049089%5Cml8bc1%5C%E9%80%90%E7%AB%99%E6%AA%A2%E8%B3%87%E6%96%99%5Cpic%5C20260917_M270DAN13_PI%E5%BE%8C_C_X_Y45_paste1.png HTTP/1.1" 200 -
[14:14:41] [2026-09-23 14:14:39] [INFO] GET /api/photo
[14:14:41] [2026-09-23 14:14:39] [INFO] "GET /api/photo?path=%5C%5CTW100049089%5Cml8bc1%5C%E9%80%90%E7%AB%99%E6%AA%A2%E8%B3%87%E6%96%99%5Cpic%5C20260917_M270DAN13_PI%E5%BE%8C_C_X_Y35_paste1.png HTTP/1.1" 200 -
[14:14:41] [2026-09-23 14:14:39] [INFO] GET /api/photo
[14:14:41] [2026-09-23 14:14:39] [INFO] "GET /api/photo?path=%5C%5CTW100049089%5Cml8bc1%5C%E9%80%90%E7%AB%99%E6%AA%A2%E8%B3%87%E6%96%99%5Cpic%5C20260917_M270DAN13_PI%E5%BE%8C_C_X_Y30_paste1.png HTTP/1.1" 200 -
[14:14:41] [2026-09-23 14:14:39] [INFO] "GET /api/photo?path=%5C%5CTW100049089%5Cml8bc1%5C%E9%80%90%E7%AB%99%E6%AA%A2%E8%B3%87%E6%96%99%5Cpic%5C20260917_M270DAN13_PI%E5%BE%8C_C_X_Y19_paste1.png HTTP/1.1" 200 -
[14:14:41] [2026-09-23 14:14:39] [INFO] GET /api/photo
[14:14:41] [2026-09-23 14:14:39] [INFO] "GET /api/photo?path=%5C%5CTW100049089%5Cml8bc1%5C%E9%80%90%E7%AB%99%E6%AA%A2%E8%B3%87%E6%96%99%5Cpic%5C20260917_M270DAN13_PI%E5%BE%8C_C_X_Y44_paste1.png HTTP/1.1" 200 -
[14:14:41] [2026-09-23 14:14:39] [INFO] "GET /api/photo?path=%5C%5CTW100049089%5Cml8bc1%5C%E9%80%90%E7%AB%99%E6%AA%A2%E8%B3%87%E6%96%99%5Cpic%5C20260917_M270DAN13_PI%E5%BE%8C_C_X_Y15_paste1.png HTTP/1.1" 200 -
[14:14:41] [2026-09-23 14:14:39] [INFO] GET /api/photo
[14:14:41] [2026-09-23 14:14:39] [INFO] "GET /api/photo?path=%5C%5CTW100049089%5Cml8bc1%5C%E9%80%90%E7%AB%99%E6%AA%A2%E8%B3%87%E6%96%99%5Cpic%5C20260917_M270DAN13_PI%E5%BE%8C_C_X_Y34_paste1.png HTTP/1.1" 200 -
[14:14:41] [2026-09-23 14:14:39] [INFO] "POST /api/check/isnew HTTP/1.1" 200 -
[14:14:41] [2026-09-23 14:14:39] [INFO] "GET /api/photo?path=%5C%5CTW100049089%5Cml8bc1%5C%E9%80%90%E7%AB%99%E6%AA%A2%E8%B3%87%E6%96%99%5Cpic%5C20260917_M270DAN13_PI%E5%BE%8C_C_X_Y32_paste1.png HTTP/1.1" 200 -
[14:14:41] [2026-09-23 14:14:39] [INFO] GET /api/photo
[14:14:41] [2026-09-23 14:14:39] [INFO] GET /api/photo
[14:14:41] [2026-09-23 14:14:39] [INFO] GET /api/photo
[14:14:41] [2026-09-23 14:14:39] [INFO] GET /api/photo
[14:14:41] [2026-09-23 14:14:39] [INFO] GET /api/photo
[14:14:41] [2026-09-23 14:14:39] [INFO] "GET /api/photo?path=%5C%5CTW100049089%5Cml8bc1%5C%E9%80%90%E7%AB%99%E6%AA%A2%E8%B3%87%E6%96%99%5Cpic%5C20260917_M270DAN13_PI%E5%BE%8C_C_X_Y20_paste1.png HTTP/1.1" 200 -
[14:14:41] [2026-09-23 14:14:39] [INFO] "GET /api/photo?path=%5C%5CTW100049089%5Cml8bc1%5C%E9%80%90%E7%AB%99%E6%AA%A2%E8%B3%87%E6%96%99%5Cpic%5C20260917_M270DAN13_PI%E5%BE%8C_C_X_Y18_paste1.png HTTP/1.1" 200 -
[14:14:41] [2026-09-23 14:14:39] [INFO] "GET /api/photo?path=%5C%5CTW100049089%5Cml8bc1%5C%E9%80%90%E7%AB%99%E6%AA%A2%E8%B3%87%E6%96%99%5Cpic%5C20260917_M270DAN13_PI%E5%BE%8C_C_X_Y13_paste1.png HTTP/1.1" 200 -
[14:14:41] [2026-09-23 14:14:39] [INFO] "GET /api/photo?path=%5C%5CTW100049089%5Cml8bc1%5C%E9%80%90%E7%AB%99%E6%AA%A2%E8%B3%87%E6%96%99%5Cpic%5C20260917_M270DAN13_PI%E5%BE%8C_C_X_Y8_paste1.png HTTP/1.1" 200 -
[14:14:41] [2026-09-23 14:14:39] [INFO] GET /api/photo
[14:14:41] [2026-09-23 14:14:39] [INFO] GET /api/photo
[14:14:41] [2026-09-23 14:14:39] [INFO] GET /api/photo
[14:14:41] [2026-09-23 14:14:39] [INFO] GET /api/photo
[14:14:41] [2026-09-23 14:14:39] [INFO] "GET /api/photo?path=%5C%5CTW100049089%5Cml8bc1%5C%E9%80%90%E7%AB%99%E6%AA%A2%E8%B3%87%E6%96%99%5Cpic%5C20260917_M270DAN13_PI%E5%BE%8C_C_X_Y29_paste1.png HTTP/1.1" 200 -
[14:14:41] [2026-09-23 14:14:39] [INFO] "GET /api/photo?path=%5C%5CTW100049089%5Cml8bc1%5C%E9%80%90%E7%AB%99%E6%AA%A2%E8%B3%87%E6%96%99%5Cpic%5C20260917_M270DAN13_PI%E5%BE%8C_C_X_Y175_paste1.png HTTP/1.1" 200 -
[14:14:41] [2026-09-23 14:14:39] [INFO] GET /api/photo
[14:14:41] [2026-09-23 14:14:39] [INFO] GET /api/photo
[14:14:41] [2026-09-23 14:14:39] [INFO] "GET /api/photo?path=%5C%5CTW100049089%5Cml8bc1%5C%E9%80%90%E7%AB%99%E6%AA%A2%E8%B3%87%E6%96%99%5Cpic%5C20260917_M270DAN13_PI%E5%BE%8C_C_X_Y132_paste1.png HTTP/1.1" 200 -
[14:14:41] [2026-09-23 14:14:39] [INFO] "GET /api/photo?path=%5C%5CTW100049089%5Cml8bc1%5C%E9%80%90%E7%AB%99%E6%AA%A2%E8%B3%87%E6%96%99%5Cpic%5C20260917_M270DAN13_PI%E5%BE%8C_C_X_Y103_paste1.png HTTP/1.1" 200 -
[14:14:41] [2026-09-23 14:14:39] [INFO] "GET /api/photo?path=%5C%5CTW100049089%5Cml8bc1%5C%E9%80%90%E7%AB%99%E6%AA%A2%E8%B3%87%E6%96%99%5Cpic%5C20260917_M270DAN13_PI%E5%BE%8C_C_X_Y156_paste1.png HTTP/1.1" 200 -
[14:14:41] [2026-09-23 14:14:39] [INFO] GET /api/photo
[14:14:41] [2026-09-23 14:14:39] [INFO] "GET /api/photo?path=%5C%5CTW100049089%5Cml8bc1%5C%E9%80%90%E7%AB%99%E6%AA%A2%E8%B3%87%E6%96%99%5Cpic%5C20260917_M270DAN13_PI%E5%BE%8C_C_X_Y193_paste1.png HTTP/1.1" 200 -
[14:14:41] [2026-09-23 14:14:39] [INFO] GET /api/photo
[14:14:41] [2026-09-23 14:14:39] [INFO] GET /api/photo
[14:14:41] [2026-09-23 14:14:39] [INFO] GET /api/photo
[14:14:41] [2026-09-23 14:14:39] [INFO] "GET /api/photo?path=%5C%5CTW100049089%5Cml8bc1%5C%E9%80%90%E7%AB%99%E6%AA%A2%E8%B3%87%E6%96%99%5Cpic%5C20260917_M270DAN13_PI%E5%BE%8C_C_X_Y102_paste1.png HTTP/1.1" 200 -
[14:14:41] [2026-09-23 14:14:39] [INFO] "GET /api/photo?path=%5C%5CTW100049089%5Cml8bc1%5C%E9%80%90%E7%AB%99%E6%AA%A2%E8%B3%87%E6%96%99%5Cpic%5C20260917_M270DAN13_PI%E5%BE%8C_C_X_Y95_paste1.png HTTP/1.1" 200 -
[14:14:41] [2026-09-23 14:14:39] [INFO] GET /api/photo
[14:14:41] [2026-09-23 14:14:39] [INFO] GET /api/photo
[14:14:41] [2026-09-23 14:14:40] [INFO] "GET /api/photo?path=%5C%5CTW100049089%5Cml8bc1%5C%E9%80%90%E7%AB%99%E6%AA%A2%E8%B3%87%E6%96%99%5Cpic%5C20260917_M270DAN13_PI%E5%BE%8C_C_X_Y56_paste1.png HTTP/1.1" 200 -
[14:14:41] [2026-09-23 14:14:40] [INFO] GET /api/photo
[14:14:41] [2026-09-23 14:14:40] [INFO] "GET /api/photo?path=%5C%5CTW100049089%5Cml8bc1%5C%E9%80%90%E7%AB%99%E6%AA%A2%E8%B3%87%E6%96%99%5Cpic%5C20260917_M270DAN13_PI%E5%BE%8C_C_X_Y63_paste1.png HTTP/1.1" 200 -
[14:14:41] [2026-09-23 14:14:40] [INFO] "GET /api/photo?path=%5C%5CTW100049089%5Cml8bc1%5C%E9%80%90%E7%AB%99%E6%AA%A2%E8%B3%87%E6%96%99%5Cpic%5C20260915_M270DAN13_PI%E5%BE%8C_C_X_Y39_paste1.png HTTP/1.1" 200 -
[14:14:41] [2026-09-23 14:14:40] [INFO] "GET /api/photo?path=%5C%5CTW100049089%5Cml8bc1%5C%E9%80%90%E7%AB%99%E6%AA%A2%E8%B3%87%E6%96%99%5Cpic%5C20260915_M270DAN13_PI%E5%BE%8C_C_X_Y177_paste1.png HTTP/1.1" 200 -
[14:14:41] [2026-09-23 14:14:40] [INFO] GET /api/photo
[14:14:41] [2026-09-23 14:14:40] [INFO] GET /api/photo
[14:14:41] [2026-09-23 14:14:40] [INFO] GET /api/photo
[14:14:41] [2026-09-23 14:14:40] [INFO] "GET /api/photo?path=%5C%5CTW100049089%5Cml8bc1%5C%E9%80%90%E7%AB%99%E6%AA%A2%E8%B3%87%E6%96%99%5Cpic%5C20260915_M270DAN13_PI%E5%BE%8C_C_X_Y29.5_paste1.png HTTP/1.1" 200 -
[14:14:41] [2026-09-23 14:14:40] [INFO] GET /api/photo
[14:14:41] [2026-09-23 14:14:40] [INFO] "GET /api/photo?path=%5C%5CTW100049089%5Cml8bc1%5C%E9%80%90%E7%AB%99%E6%AA%A2%E8%B3%87%E6%96%99%5Cpic%5C20260915_M270DAN13_PI%E5%BE%8C_C_X_Y29_paste1.png HTTP/1.1" 200 -
[14:14:41] [2026-09-23 14:14:40] [INFO] GET /api/photo
[14:14:41] [2026-09-23 14:14:40] [INFO] "GET /api/photo?path=%5C%5CTW100049089%5Cml8bc1%5C%E9%80%90%E7%AB%99%E6%AA%A2%E8%B3%87%E6%96%99%5Cpic%5C20260915_M270DAN13_PI%E5%BE%8C_C_X_Y40_paste1.png HTTP/1.1" 200 -
[14:14:45] [2026-09-23 14:14:40] [INFO] GET /api/photo[2026-09-23 14:14:40] [INFO] "GET /api/photo?path=%5C%5CTW100049089%5Cml8bc1%5C%E9%80%90%E7%AB%99%E6%AA%A2%E8%B3%87%E6%96%99%5Cpic%5C20260915_M270DAN13_PI%E5%BE%8C_C_X_Y62_paste1.png HTTP/1.1" 200 -
[14:14:45] [2026-09-23 14:14:40] [INFO] GET /api/photo
[14:14:45] 
[14:14:45] [2026-09-23 14:14:41] [INFO] "GET /api/photo?path=%5C%5CTW100049089%5Cml8bc1%5C%E9%80%90%E7%AB%99%E6%AA%A2%E8%B3%87%E6%96%99%5Cpic%5C20260915_M270DAN13_PI%E5%BE%8C_TC_X_Y122_paste1.png HTTP/1.1" 200 -
[14:14:45] [2026-09-23 14:14:41] [INFO] GET /api/photo
[14:14:45] [2026-09-23 14:14:41] [INFO] "GET /api/photo?path=%5C%5CTW100049089%5Cml8bc1%5C%E9%80%90%E7%AB%99%E6%AA%A2%E8%B3%87%E6%96%99%5Cpic%5C20260915_M270DAN13_PI%E5%BE%8C_TC_X_Y49_paste1.png HTTP/1.1" 200 -
[14:14:45] [2026-09-23 14:14:41] [INFO] GET /api/photo
[14:14:45] [2026-09-23 14:14:41] [INFO] "GET /api/photo?path=%5C%5CTW100049089%5Cml8bc1%5C%E9%80%90%E7%AB%99%E6%AA%A2%E8%B3%87%E6%96%99%5Cpic%5C20260915_M270DAN13_PI%E5%BE%8C_C_X_Y45_paste1.png HTTP/1.1" 200 -
[14:14:45] [2026-09-23 14:14:41] [INFO] GET /api/photo
[14:14:45] [2026-09-23 14:14:41] [INFO] "GET /api/photo?path=%5C%5CTW100049089%5Cml8bc1%5C%E9%80%90%E7%AB%99%E6%AA%A2%E8%B3%87%E6%96%99%5Cpic%5C20260915_M270DAN13_PI%E5%BE%8C_C_X_Y18_paste1.png HTTP/1.1" 200 -
[14:14:45] [2026-09-23 14:14:41] [INFO] GET /api/photo
[14:14:45] [2026-09-23 14:14:42] [INFO] "GET /api/photo?path=%5C%5CTW100049089%5Cml8bc1%5C%E9%80%90%E7%AB%99%E6%AA%A2%E8%B3%87%E6%96%99%5Cpic%5C20260915_M270DAN13_PI%E5%BE%8C_TC_X_Y30_paste1.png HTTP/1.1" 200 -
[14:14:45] [2026-09-23 14:14:42] [INFO] GET /api/search
[14:14:45] [2026-09-23 14:14:42] [INFO] "GET /api/photo?path=%5C%5CTW100049089%5Cml8bc1%5C%E9%80%90%E7%AB%99%E6%AA%A2%E8%B3%87%E6%96%99%5Cpic%5C20260915_M270DAN13_PI%E5%BE%8C_TC_X_Y19_paste1.png HTTP/1.1" 200 -
[14:14:45] [2026-09-23 14:14:42] [INFO] "GET /api/search?dateFrom=2026-08-23&dateTo=2026-09-23&model=&station=PI+%E5%89%8D&line=&tc=&level= HTTP/1.1" 200 -
[14:14:45] [2026-09-23 14:14:42] [INFO] "GET /api/photo?path=%5C%5CTW100049089%5Cml8bc1%5C%E9%80%90%E7%AB%99%E6%AA%A2%E8%B3%87%E6%96%99%5Cpic%5C20260915_M270DAN13_PI%E5%BE%8C_C_X_Y49.5_paste1.png HTTP/1.1" 200 -
[14:14:45] [2026-09-23 14:14:42] [INFO] GET /api/search
[14:14:45] [2026-09-23 14:14:42] [INFO] GET /api/search
[14:14:45] [2026-09-23 14:14:42] [INFO] GET /api/search
[14:14:45] [2026-09-23 14:14:42] [INFO] "GET /api/search?dateFrom=2026-08-23&dateTo=2026-09-23&model=&station=PI+%E5%BE%8C&line=&tc=&level= HTTP/1.1" 200 -
[14:14:45] [2026-09-23 14:14:42] [INFO] "GET /api/search?dateFrom=2026-08-23&dateTo=2026-09-23&model=&station=ODF+%E5%BE%8C&line=&tc=&level= HTTP/1.1" 200 -
[14:14:45] [2026-09-23 14:14:42] [INFO] "GET /api/search?dateFrom=2026-08-23&dateTo=2026-09-23&model=&station=PA+%E5%BE%8C&line=&tc=&level= HTTP/1.1" 200 -
[14:14:45] [2026-09-23 14:14:42] [INFO] POST /api/check/isnew
[14:14:45] [2026-09-23 14:14:42] [INFO] GET /api/photo
[14:14:45] [2026-09-23 14:14:42] [INFO] POST /api/check/isnew
[14:14:45] [2026-09-23 14:14:42] [INFO] "GET /api/photo?path=%5C%5CTW100049089%5Cml8bc1%5C%E9%80%90%E7%AB%99%E6%AA%A2%E8%B3%87%E6%96%99%5Cpic%5C20260915_M270DAN13_PI%E5%BE%8C_TC_X_Y179_paste1.png HTTP/1.1" 200 -
[14:14:45] [2026-09-23 14:14:43] [INFO] POST /api/check/isnew
[14:14:45] [2026-09-23 14:14:43] [INFO] "POST /api/check/isnew HTTP/1.1" 200 -
[14:14:45] [2026-09-23 14:14:43] [INFO] "POST /api/check/isnew HTTP/1.1" 200 -
[14:14:45] [2026-09-23 14:14:43] [INFO] GET /api/photo
[14:14:45] [2026-09-23 14:14:43] [INFO] GET /api/photo
[14:14:45] [2026-09-23 14:14:43] [INFO] "POST /api/check/isnew HTTP/1.1" 200 -
[14:14:45] [2026-09-23 14:14:43] [INFO] GET /api/photo
[14:14:45] [2026-09-23 14:14:43] [INFO] "GET /api/photo?path=%5C%5CTW100049089%5Cml8bc1%5C%E9%80%90%E7%AB%99%E6%AA%A2%E8%B3%87%E6%96%99%5Cpic%5C20260915_M270DAN13_PI%E5%BE%8C_C_X_Y49_paste1.png HTTP/1.1" 200 -
[14:14:45] [2026-09-23 14:14:43] [INFO] GET /api/photo
[14:14:45] [2026-09-23 14:14:43] [INFO] "GET /api/photo?path=%5C%5CTW100049089%5Cml8bc1%5C%E9%80%90%E7%AB%99%E6%AA%A2%E8%B3%87%E6%96%99%5Cpic%5C20260915_M270DAN13_PI%E5%BE%8C_TC_X_Y40_paste1.png HTTP/1.1" 200 -
[14:14:45] [2026-09-23 14:14:43] [INFO] GET /api/photo
[14:14:45] [2026-09-23 14:14:43] [INFO] "GET /api/photo?path=%5C%5CTW100049089%5Cml8bc1%5C%E9%80%90%E7%AB%99%E6%AA%A2%E8%B3%87%E6%96%99%5Cpic%5C20260915_M270DAN13_PI%E5%BE%8C_C_X_Y197_paste1.png HTTP/1.1" 200 -
[14:14:45] [2026-09-23 14:14:43] [INFO] GET /api/photo
[14:14:45] [2026-09-23 14:14:44] [INFO] "GET /api/photo?path=%5C%5CTW100049089%5Cml8bc1%5C%E9%80%90%E7%AB%99%E6%AA%A2%E8%B3%87%E6%96%99%5Cpic%5C20260915_M270DAN13_PI%E5%BE%8C_C_X_Y194_paste1.png HTTP/1.1" 200 -
[14:14:45] [2026-09-23 14:14:44] [INFO] GET /api/photo
[14:14:45] [2026-09-23 14:14:44] [INFO] "GET /api/photo?path=%5C%5CTW100049089%5Cml8bc1%5C%E9%80%90%E7%AB%99%E6%AA%A2%E8%B3%87%E6%96%99%5Cpic%5C20260915_M270DAN13_PI%E5%BE%8C_C_X_Y170_paste1.png HTTP/1.1" 200 -
[14:14:45] [2026-09-23 14:14:44] [INFO] GET /api/photo
[14:14:45] [2026-09-23 14:14:44] [INFO] "GET /api/photo?path=%5C%5CTW100049089%5Cml8bc1%5C%E9%80%90%E7%AB%99%E6%AA%A2%E8%B3%87%E6%96%99%5Cpic%5C20260915_M270DAN13_PI%E5%BE%8C_C_X_Y150_paste1.png HTTP/1.1" 200 -
[14:14:45] [2026-09-23 14:14:44] [INFO] GET /api/photo
[14:14:45] [2026-09-23 14:14:44] [INFO] "GET /api/photo?path=%5C%5CTW100049089%5Cml8bc1%5C%E9%80%90%E7%AB%99%E6%AA%A2%E8%B3%87%E6%96%99%5Cpic%5C20260915_M270DAN13_PI%E5%BE%8C_C_X_Y28_paste1.png HTTP/1.1" 200 -
[14:14:45] [2026-09-23 14:14:44] [INFO] "GET /api/photo?path=%5C%5CTW100049089%5Cml8bc1%5C%E9%80%90%E7%AB%99%E6%AA%A2%E8%B3%87%E6%96%99%5Cpic%5C20260915_M270DAN13_PI%E5%BE%8C_C_X_Y179_paste1.png HTTP/1.1" 200 -
[14:14:45] [2026-09-23 14:14:44] [INFO] GET /api/photo
[14:14:45] [2026-09-23 14:14:44] [INFO] GET /api/photo
[14:14:45] [2026-09-23 14:14:44] [INFO] "GET /api/photo?path=%5C%5CTW100049089%5Cml8bc1%5C%E9%80%90%E7%AB%99%E6%AA%A2%E8%B3%87%E6%96%99%5Cpic%5C20260915_M270DAN13_PI%E5%BE%8C_C_X_Y35_paste1.png HTTP/1.1" 200 -
[14:14:45] [2026-09-23 14:14:44] [INFO] GET /api/photo
[14:14:45] [2026-09-23 14:14:44] [INFO] "GET /api/photo?path=%5C%5CTW100049089%5Cml8bc1%5C%E9%80%90%E7%AB%99%E6%AA%A2%E8%B3%87%E6%96%99%5Cpic%5C20260915_M270DAN13_PI%E5%BE%8C_C_X_Y30_paste1.png HTTP/1.1" 200 -
[14:14:45] [2026-09-23 14:14:44] [INFO] GET /api/photo
[14:14:45] [2026-09-23 14:14:45] [INFO] "GET /api/photo?path=%5C%5CTW100049089%5Cml8bc1%5C%E9%80%90%E7%AB%99%E6%AA%A2%E8%B3%87%E6%96%99%5Cpic%5C20260915_M270DAN13_PI%E5%BE%8C_C_X_Y9.5_paste1.png HTTP/1.1" 200 -
[14:14:45] [2026-09-23 14:14:45] [INFO] GET /api/photo
[14:14:45] [2026-09-23 14:14:45] [INFO] "GET /api/photo?path=%5C%5CTW100049089%5Cml8bc1%5C%E9%80%90%E7%AB%99%E6%AA%A2%E8%B3%87%E6%96%99%5Cpic%5C20260915_M270DAN13_PI%E5%BE%8C_C_X_Y59_paste1.png HTTP/1.1" 200 -
[14:14:45] [2026-09-23 14:14:45] [INFO] "GET /api/photo?path=%5C%5CTW100049089%5Cml8bc1%5C%E9%80%90%E7%AB%99%E6%AA%A2%E8%B3%87%E6%96%99%5Cpic%5C20260915_M270DAN13_PI%E5%BE%8C_C_X_Y19_paste1.png HTTP/1.1" 200 -
[14:14:45] [2026-09-23 14:14:45] [INFO] GET /api/photo
[14:14:45] [2026-09-23 14:14:45] [INFO] GET /api/photo
[14:14:45] [2026-09-23 14:14:45] [INFO] "GET /api/photo?path=%5C%5CTW100049089%5Cml8bc1%5C%E9%80%90%E7%AB%99%E6%AA%A2%E8%B3%87%E6%96%99%5Cpic%5C20260915_M270DAN13_PI%E5%BE%8C_C_X_Y34_paste1.png HTTP/1.1" 200 -
[14:14:45] [2026-09-23 14:14:45] [INFO] GET /api/photo
[14:14:45] [2026-09-23 14:14:45] [INFO] "GET /api/photo?path=%5C%5CTW100049089%5Cml8bc1%5C%E9%80%90%E7%AB%99%E6%AA%A2%E8%B3%87%E6%96%99%5Cpic%5C20260915_M270DAN13_PI%E5%BE%8C_C_X_Y64_paste1.png HTTP/1.1" 200 -
[14:14:45] [2026-09-23 14:14:45] [INFO] GET /api/photo
[14:14:45] [2026-09-23 14:14:45] [INFO] "GET /api/photo?path=%5C%5CTW100049089%5Cml8bc1%5C%E9%80%90%E7%AB%99%E6%AA%A2%E8%B3%87%E6%96%99%5Cpic%5C20260915_M270DAN13_PI%E5%BE%8C_C_X_Y15_paste1.png HTTP/1.1" 200 -
[14:14:45] [2026-09-23 14:14:45] [INFO] "GET /api/photo?path=%5C%5CTW100049089%5Cml8bc1%5C%E9%80%90%E7%AB%99%E6%AA%A2%E8%B3%87%E6%96%99%5Cpic%5C20260915_M270DAN13_PI%E5%BE%8C_C_X_Y103_paste1.png HTTP/1.1" 200 -
[14:14:45] [2026-09-23 14:14:45] [INFO] GET /api/photo
[14:14:45] [2026-09-23 14:14:45] [INFO] "GET /api/photo?path=%5C%5CTW100049089%5Cml8bc1%5C%E9%80%90%E7%AB%99%E6%AA%A2%E8%B3%87%E6%96%99%5Cpic%5C20260915_M270DAN13_PI%E5%BE%8C_C_X_Y20_paste1.png HTTP/1.1" 200 -
[14:14:45] [2026-09-23 14:14:45] [INFO] GET /api/photo
[14:14:45] [2026-09-23 14:14:45] [INFO] GET /api/photo
[14:14:45] [2026-09-23 14:14:45] [INFO] "GET /api/photo?path=%5C%5CTW100049089%5Cml8bc1%5C%E9%80%90%E7%AB%99%E6%AA%A2%E8%B3%87%E6%96%99%5Cpic%5C20260915_M270DAN13_PI%E5%BE%8C_C_X_Y193_paste1.png HTTP/1.1" 200 -
[14:14:45] [2026-09-23 14:14:45] [INFO] "GET /api/photo?path=%5C%5CTW100049089%5Cml8bc1%5C%E9%80%90%E7%AB%99%E6%AA%A2%E8%B3%87%E6%96%99%5Cpic%5C20260915_M270DAN13_PI%E5%BE%8C_C_X_Y88_paste1.png HTTP/1.1" 200 -
[14:15:33] [2026-09-23 14:14:45] [INFO] GET /api/photo----------------------------------------
[14:15:33] Exception occurred during processing of request from ('10.36.38.156', 57348)
[14:15:33] Traceback (most recent call last):
[14:15:33]   File "C:\Users\1409313\AppData\Local\Programs\Python\Python312\Lib\socketserver.py", line 697, in process_request_thread
[14:15:33]     self.finish_request(request, client_address)
[14:15:33]   File "C:\Users\1409313\AppData\Local\Programs\Python\Python312\Lib\socketserver.py", line 362, in finish_request
[14:15:33]     self.RequestHandlerClass(request, client_address, self)
[14:15:33]   File "C:\Users\1409313\AppData\Local\Programs\Python\Python312\Lib\socketserver.py", line 766, in __init__
[14:15:33]     self.handle()
[14:15:33]   File "C:\Users\1409313\AppData\Local\Programs\Python\Python312\Lib\http\server.py", line 436, in handle
[14:15:33]     self.handle_one_request()
[14:15:33]   File "C:\Users\1409313\AppData\Local\Programs\Python\Python312\Lib\http\server.py", line 424, in handle_one_request
[14:15:33]     method()
[14:15:33]   File "\\tw100049089\00_MyAgent\Roller Mark 背污逐站檢\前後段拆分版\HTA版本\APP.PY", line 70, in do_GET
[14:15:33]     elif path == '/api/machine/map_image':      feol_handler.machine_map_image(self)
[14:15:33]                                                 ^^^^^^^^^^^^^^^^^^^^^^^^^^^^^^^^^^^^
[14:15:33] TypeError: machine_map_image() missing 1 required positional argument: 'params'
[14:15:33] ----------------------------------------
[14:16:08] ----------------------------------------
[14:16:08] Exception occurred during processing of request from ('10.36.38.156', 63384)
[14:16:08] Traceback (most recent call last):
[14:16:08]   File "C:\Users\1409313\AppData\Local\Programs\Python\Python312\Lib\socketserver.py", line 697, in process_request_thread
[14:16:08]     self.finish_request(request, client_address)
[14:16:08]   File "C:\Users\1409313\AppData\Local\Programs\Python\Python312\Lib\socketserver.py", line 362, in finish_request
[14:16:08]     self.RequestHandlerClass(request, client_address, self)
[14:16:08]   File "C:\Users\1409313\AppData\Local\Programs\Python\Python312\Lib\socketserver.py", line 766, in __init__
[14:16:08]     self.handle()
[14:16:08]   File "C:\Users\1409313\AppData\Local\Programs\Python\Python312\Lib\http\server.py", line 436, in handle
[14:16:08]     self.handle_one_request()
[14:16:08]   File "C:\Users\1409313\AppData\Local\Programs\Python\Python312\Lib\http\server.py", line 424, in handle_one_request
[14:16:08]     method()
[14:16:08]   File "\\tw100049089\00_MyAgent\Roller Mark 背污逐站檢\前後段拆分版\HTA版本\APP.PY", line 70, in do_GET
[14:16:08]     elif path == '/api/machine/map_image':      feol_handler.machine_map_image(self)
[14:16:08]                                                 ^^^^^^^^^^^^^^^^^^^^^^^^^^^^^^^^^^^^
[14:16:08] TypeError: machine_map_image() missing 1 required positional argument: 'params'
[14:16:08] ----------------------------------------
[14:16:13] ----------------------------------------
[14:16:13] Exception occurred during processing of request from ('10.36.38.156', 50746)
[14:16:13] Traceback (most recent call last):
[14:16:13]   File "C:\Users\1409313\AppData\Local\Programs\Python\Python312\Lib\socketserver.py", line 697, in process_request_thread
[14:16:13]     self.finish_request(request, client_address)
[14:16:14]   File "C:\Users\1409313\AppData\Local\Programs\Python\Python312\Lib\socketserver.py", line 362, in finish_request
[14:16:14]     self.RequestHandlerClass(request, client_address, self)
[14:16:14]   File "C:\Users\1409313\AppData\Local\Programs\Python\Python312\Lib\socketserver.py", line 766, in __init__
[14:16:14]     self.handle()
[14:16:14]   File "C:\Users\1409313\AppData\Local\Programs\Python\Python312\Lib\http\server.py", line 436, in handle
[14:16:14]     self.handle_one_request()
[14:16:14]   File "C:\Users\1409313\AppData\Local\Programs\Python\Python312\Lib\http\server.py", line 424, in handle_one_request
[14:16:14]     method()
[14:16:14]   File "\\tw100049089\00_MyAgent\Roller Mark 背污逐站檢\前後段拆分版\HTA版本\APP.PY", line 70, in do_GET
[14:16:14]     elif path == '/api/machine/map_image':      feol_handler.machine_map_image(self)
[14:16:14]                                                 ^^^^^^^^^^^^^^^^^^^^^^^^^^^^^^^^^^^^
[14:16:14] TypeError: machine_map_image() missing 1 required positional argument: 'params'
[14:16:14] ----------------------------------------
[14:16:14] ----------------------------------------
[14:16:14] Exception occurred during processing of request from ('10.36.38.156', 61201)
[14:16:14] Traceback (most recent call last):
[14:16:14]   File "C:\Users\1409313\AppData\Local\Programs\Python\Python312\Lib\socketserver.py", line 697, in process_request_thread
[14:16:14]     self.finish_request(request, client_address)
[14:16:14]   File "C:\Users\1409313\AppData\Local\Programs\Python\Python312\Lib\socketserver.py", line 362, in finish_request
[14:16:14]     self.RequestHandlerClass(request, client_address, self)
[14:16:14]   File "C:\Users\1409313\AppData\Local\Programs\Python\Python312\Lib\socketserver.py", line 766, in __init__
[14:16:14]     self.handle()
[14:16:14]   File "C:\Users\1409313\AppData\Local\Programs\Python\Python312\Lib\http\server.py", line 436, in handle
[14:16:14]     self.handle_one_request()
[14:16:14]   File "C:\Users\1409313\AppData\Local\Programs\Python\Python312\Lib\http\server.py", line 424, in handle_one_request
[14:16:14]     method()
[14:16:14]   File "\\tw100049089\00_MyAgent\Roller Mark 背污逐站檢\前後段拆分版\HTA版本\APP.PY", line 70, in do_GET
[14:16:14]     elif path == '/api/machine/map_image':      feol_handler.machine_map_image(self)
[14:16:14]                                                 ^^^^^^^^^^^^^^^^^^^^^^^^^^^^^^^^^^^^
[14:16:14] TypeError: machine_map_image() missing 1 required positional argument: 'params'
[14:16:14] ----------------------------------------
[14:16:46] ----------------------------------------
[14:16:46] Exception occurred during processing of request from ('10.36.38.156', 59542)
[14:16:47] Traceback (most recent call last):
[14:16:47]   File "C:\Users\1409313\AppData\Local\Programs\Python\Python312\Lib\socketserver.py", line 697, in process_request_thread
[14:16:47]     self.finish_request(request, client_address)
[14:16:47]   File "C:\Users\1409313\AppData\Local\Programs\Python\Python312\Lib\socketserver.py", line 362, in finish_request
[14:16:47]     self.RequestHandlerClass(request, client_address, self)
[14:16:47]   File "C:\Users\1409313\AppData\Local\Programs\Python\Python312\Lib\socketserver.py", line 766, in __init__
[14:16:47]     self.handle()
[14:16:47]   File "C:\Users\1409313\AppData\Local\Programs\Python\Python312\Lib\http\server.py", line 436, in handle
[14:16:47]     self.handle_one_request()
[14:16:47]   File "C:\Users\1409313\AppData\Local\Programs\Python\Python312\Lib\http\server.py", line 424, in handle_one_request
[14:16:47]     method()
[14:16:47]   File "\\tw100049089\00_MyAgent\Roller Mark 背污逐站檢\前後段拆分版\HTA版本\APP.PY", line 70, in do_GET
[14:16:47]     elif path == '/api/machine/map_image':      feol_handler.machine_map_image(self)
[14:16:47]                                                 ^^^^^^^^^^^^^^^^^^^^^^^^^^^^^^^^^^^^
[14:16:47] TypeError: machine_map_image() missing 1 required positional argument: 'params'
[14:16:47] ----------------------------------------
[14:16:47] ----------------------------------------
[14:16:47] Exception occurred during processing of request from ('10.36.38.156', 61029)
[14:16:47] Traceback (most recent call last):
[14:16:47]   File "C:\Users\1409313\AppData\Local\Programs\Python\Python312\Lib\socketserver.py", line 697, in process_request_thread
[14:16:47]     self.finish_request(request, client_address)
[14:16:47]   File "C:\Users\1409313\AppData\Local\Programs\Python\Python312\Lib\socketserver.py", line 362, in finish_request
[14:16:47]     self.RequestHandlerClass(request, client_address, self)
[14:16:47]   File "C:\Users\1409313\AppData\Local\Programs\Python\Python312\Lib\socketserver.py", line 766, in __init__
[14:16:47]     self.handle()
[14:16:47]   File "C:\Users\1409313\AppData\Local\Programs\Python\Python312\Lib\http\server.py", line 436, in handle
[14:16:47]     self.handle_one_request()
[14:16:47]   File "C:\Users\1409313\AppData\Local\Programs\Python\Python312\Lib\http\server.py", line 424, in handle_one_request
[14:16:47]     method()
[14:16:47]   File "\\tw100049089\00_MyAgent\Roller Mark 背污逐站檢\前後段拆分版\HTA版本\APP.PY", line 70, in do_GET
[14:16:47]     elif path == '/api/machine/map_image':      feol_handler.machine_map_image(self)
[14:16:47]                                                 ^^^^^^^^^^^^^^^^^^^^^^^^^^^^^^^^^^^^
[14:16:47] TypeError: machine_map_image() missing 1 required positional argument: 'params'
[14:16:47] ----------------------------------------
[14:16:47] ----------------------------------------
[14:16:47] Exception occurred during processing of request from ('10.36.38.156', 64469)
[14:16:47] Traceback (most recent call last):
[14:16:47]   File "C:\Users\1409313\AppData\Local\Programs\Python\Python312\Lib\socketserver.py", line 697, in process_request_thread
[14:16:47]     self.finish_request(request, client_address)
[14:16:47]   File "C:\Users\1409313\AppData\Local\Programs\Python\Python312\Lib\socketserver.py", line 362, in finish_request
[14:16:47]     self.RequestHandlerClass(request, client_address, self)
[14:16:47]   File "C:\Users\1409313\AppData\Local\Programs\Python\Python312\Lib\socketserver.py", line 766, in __init__
[14:16:47]     self.handle()
[14:16:47]   File "C:\Users\1409313\AppData\Local\Programs\Python\Python312\Lib\http\server.py", line 436, in handle
[14:16:47]     self.handle_one_request()
[14:16:47]   File "C:\Users\1409313\AppData\Local\Programs\Python\Python312\Lib\http\server.py", line 424, in handle_one_request
[14:16:47]     method()
[14:16:47]   File "\\tw100049089\00_MyAgent\Roller Mark 背污逐站檢\前後段拆分版\HTA版本\APP.PY", line 70, in do_GET
[14:16:47]     elif path == '/api/machine/map_image':      feol_handler.machine_map_image(self)
[14:16:47]                                                 ^^^^^^^^^^^^^^^^^^^^^^^^^^^^^^^^^^^^
[14:16:47] TypeError: machine_map_image() missing 1 required positional argument: 'params'
[14:16:47] ----------------------------------------
[15:11:25] [2026-09-23 14:14:45] [INFO] GET /api/photo
[15:11:25] [2026-09-23 14:14:45] [INFO] "GET /api/photo?path=%5C%5CTW100049089%5Cml8bc1%5C%E9%80%90%E7%AB%99%E6%AA%A2%E8%B3%87%E6%96%99%5Cpic%5C20260915_M270DAN13_PI%E5%BE%8C_C_X_Y32_paste1.png HTTP/1.1" 200 -
[15:11:25] [2026-09-23 14:14:45] [INFO] GET /api/photo
[15:11:25] [2026-09-23 14:14:45] [INFO] "GET /api/photo?path=%5C%5CTW100049089%5Cml8bc1%5C%E9%80%90%E7%AB%99%E6%AA%A2%E8%B3%87%E6%96%99%5Cpic%5C20260915_M270DAN13_PI%E5%BE%8C_C_X_Y156_paste1.png HTTP/1.1" 200 -
[15:11:25] [2026-09-23 14:14:45] [INFO] GET /api/photo
[15:11:25] 
[15:11:25] [2026-09-23 14:14:45] [INFO] "GET /api/photo?path=%5C%5CTW100049089%5Cml8bc1%5C%E9%80%90%E7%AB%99%E6%AA%A2%E8%B3%87%E6%96%99%5Cpic%5C20260915_M270DAN13_PI%E5%BE%8C_C_X_Y123_paste1.png HTTP/1.1" 200 -
[15:11:25] [2026-09-23 14:14:45] [INFO] GET /api/photo
[15:11:25] [2026-09-23 14:14:46] [INFO] "GET /api/photo?path=%5C%5CTW100049089%5Cml8bc1%5C%E9%80%90%E7%AB%99%E6%AA%A2%E8%B3%87%E6%96%99%5Cpic%5C20260915_M270DAN13_PI%E5%BE%8C_C_X_Y13_paste1.png HTTP/1.1" 200 -
[15:11:25] [2026-09-23 14:14:46] [INFO] GET /api/photo
[15:11:25] [2026-09-23 14:14:46] [INFO] "GET /api/photo?path=%5C%5CTW100049089%5Cml8bc1%5C%E9%80%90%E7%AB%99%E6%AA%A2%E8%B3%87%E6%96%99%5Cpic%5C20260915_M270DAN13_PI%E5%BE%8C_C_X_Y44_paste1.png HTTP/1.1" 200 -
[15:11:25] [2026-09-23 14:14:46] [INFO] GET /api/photo
[15:11:25] [2026-09-23 14:14:46] [INFO] "GET /api/photo?path=%5C%5CTW100049089%5Cml8bc1%5C%E9%80%90%E7%AB%99%E6%AA%A2%E8%B3%87%E6%96%99%5Cpic%5C20260915_M270DAN13_PI%E5%BE%8C_C_X_Y8_paste1.png HTTP/1.1" 200 -
[15:11:25] [2026-09-23 14:14:46] [INFO] "GET /api/photo?path=%5C%5CTW100049089%5Cml8bc1%5C%E9%80%90%E7%AB%99%E6%AA%A2%E8%B3%87%E6%96%99%5Cpic%5C20260915_M270DAN13_PI%E5%BE%8C_C_X_Y175_paste1.png HTTP/1.1" 200 -
[15:11:25] [2026-09-23 14:14:46] [INFO] "GET /api/photo?path=%5C%5CTW100049089%5Cml8bc1%5C%E9%80%90%E7%AB%99%E6%AA%A2%E8%B3%87%E6%96%99%5Cpic%5C20260915_M270DAN13_PI%E5%BE%8C_C_X_Y132_paste1.png HTTP/1.1" 200 -
[15:11:25] [2026-09-23 14:14:46] [INFO] "GET /api/photo?path=%5C%5CTW100049089%5Cml8bc1%5C%E9%80%90%E7%AB%99%E6%AA%A2%E8%B3%87%E6%96%99%5Cpic%5C20260915_M270DAN13_PI%E5%BE%8C_C_X_Y63_paste1.png HTTP/1.1" 200 -
[15:11:25] [2026-09-23 14:14:46] [INFO] "GET /api/photo?path=%5C%5CTW100049089%5Cml8bc1%5C%E9%80%90%E7%AB%99%E6%AA%A2%E8%B3%87%E6%96%99%5Cpic%5C20260915_M270DAN13_PI%E5%BE%8C_C_X_Y102_paste1.png HTTP/1.1" 200 -
[15:11:25] [2026-09-23 14:14:46] [INFO] "GET /api/photo?path=%5C%5CTW100049089%5Cml8bc1%5C%E9%80%90%E7%AB%99%E6%AA%A2%E8%B3%87%E6%96%99%5Cpic%5C20260915_M270DAN13_PI%E5%BE%8C_C_X_Y95_paste1.png HTTP/1.1" 200 -
[15:11:25] [2026-09-23 14:14:46] [INFO] GET /api/search
[15:11:25] [2026-09-23 14:14:46] [INFO] GET /api/search
[15:11:25] [2026-09-23 14:14:46] [INFO] GET /api/search
[15:11:25] [2026-09-23 14:14:46] [INFO] GET /api/search
[15:11:25] [2026-09-23 14:14:46] [INFO] "GET /api/search?dateFrom=2026-08-23&dateTo=2026-09-23&model=M270DAN13&station=PI+%E5%89%8D&line=&tc=&level= HTTP/1.1" 200 -
[15:11:25] [2026-09-23 14:14:46] [INFO] "GET /api/search?dateFrom=2026-08-23&dateTo=2026-09-23&model=M270DAN13&station=PI+%E5%BE%8C&line=&tc=&level= HTTP/1.1" 200 -
[15:11:25] [2026-09-23 14:14:46] [INFO] "GET /api/search?dateFrom=2026-08-23&dateTo=2026-09-23&model=M270DAN13&station=ODF+%E5%BE%8C&line=&tc=&level= HTTP/1.1" 200 -
[15:11:25] [2026-09-23 14:14:46] [INFO] "GET /api/search?dateFrom=2026-08-23&dateTo=2026-09-23&model=M270DAN13&station=PA+%E5%BE%8C&line=&tc=&level= HTTP/1.1" 200 -
[15:11:25] [2026-09-23 14:14:46] [INFO] POST /api/check/isnew
[15:11:25] [2026-09-23 14:14:46] [INFO] POST /api/check/isnew
[15:11:25] [2026-09-23 14:14:46] [INFO] POST /api/check/isnew
[15:11:25] [2026-09-23 14:14:47] [INFO] "POST /api/check/isnew HTTP/1.1" 200 -
[15:11:25] [2026-09-23 14:14:47] [INFO] "POST /api/check/isnew HTTP/1.1" 200 -
[15:11:25] [2026-09-23 14:14:47] [INFO] "POST /api/check/isnew HTTP/1.1" 200 -
[15:11:25] [2026-09-23 14:15:33] [INFO] GET /api/machine/all_positions
[15:11:25] [2026-09-23 14:15:33] [INFO] "GET /api/machine/all_positions?tool_id=CKPIC506&tool_name=Pre+Bake+CV+Roller HTTP/1.1" 200 -
[15:11:25] [2026-09-23 14:15:33] [INFO] GET /api/machine/all_positions
[15:11:25] [2026-09-23 14:15:33] [INFO] "GET /api/machine/all_positions?tool_id=CKPIC502&tool_name=PI+Cleaner+CV+Roller HTTP/1.1" 200 -
[15:11:25] [2026-09-23 14:15:33] [INFO] GET /api/machine/all_positions
[15:11:25] [2026-09-23 14:15:33] [INFO] "GET /api/machine/all_positions?tool_id=CKPIC504&tool_name=BF1 HTTP/1.1" 200 -
[15:11:25] [2026-09-23 14:15:33] [INFO] GET /api/machine/map_image
[15:11:25] [2026-09-23 14:16:08] [INFO] GET /api/machine/all_positions
[15:11:25] [2026-09-23 14:16:08] [INFO] "GET /api/machine/all_positions?tool_id=CKPIC501&tool_name=PI+Load HTTP/1.1" 200 -
[15:11:25] [2026-09-23 14:16:08] [INFO] GET /api/machine/all_positions
[15:11:25] [2026-09-23 14:16:08] [INFO] "GET /api/machine/all_positions?tool_id=CKPIC504&tool_name=BF1 HTTP/1.1" 200 -
[15:11:25] [2026-09-23 14:16:08] [INFO] GET /api/machine/map_image
[15:11:25] [2026-09-23 14:16:12] [INFO] GET /api/machine/all_positions
[15:11:25] [2026-09-23 14:16:12] [INFO] "GET /api/machine/all_positions?tool_id=CKPIC504&tool_name=BF1 HTTP/1.1" 200 -
[15:11:25] [2026-09-23 14:16:12] [INFO] GET /api/machine/all_positions
[15:11:25] [2026-09-23 14:16:12] [INFO] "GET /api/machine/all_positions?tool_id=CKPIC501&tool_name=PI+Load HTTP/1.1" 200 -
[15:11:25] [2026-09-23 14:16:12] [INFO] GET /api/machine/all_positions
[15:11:25] [2026-09-23 14:16:12] [INFO] GET /api/machine/all_positions
[15:11:25] [2026-09-23 14:16:12] [INFO] "GET /api/machine/all_positions?tool_id=CKPIC511&tool_name=ULD+EXCH-1 HTTP/1.1" 200 -
[15:11:25] [2026-09-23 14:16:12] [INFO] "GET /api/machine/all_positions?tool_id=CKPIC511&tool_name=ULD+EXCH-2 HTTP/1.1" 200 -
[15:11:25] [2026-09-23 14:16:12] [INFO] GET /api/machine/all_positions
[15:11:25] [2026-09-23 14:16:12] [INFO] "GET /api/machine/all_positions?tool_id=CKPIC511&tool_name=ULD+EXCH-3 HTTP/1.1" 200 -
[15:11:25] [2026-09-23 14:16:12] [INFO] GET /api/machine/all_positions
[15:11:25] [2026-09-23 14:16:12] [INFO] "GET /api/machine/all_positions?tool_id=CKPIC503&tool_name=PI+BPC%E9%9B%99%E5%B1%A4+CV+Roller HTTP/1.1" 200 -
[15:11:25] [2026-09-23 14:16:12] [INFO] GET /api/machine/all_positions
[15:11:25] [2026-09-23 14:16:12] [INFO] "GET /api/machine/all_positions?tool_id=CKPIT101&tool_name=PI+Offline+Exchanger HTTP/1.1" 200 -
[15:11:25] [2026-09-23 14:16:13] [INFO] GET /api/machine/all_positions
[15:11:25] [2026-09-23 14:16:13] [INFO] "GET /api/machine/all_positions?tool_id=CKPIC507&tool_name=PI+Inspection HTTP/1.1" 200 -
[15:11:25] [2026-09-23 14:16:13] [INFO] GET /api/machine/all_positions
[15:11:25] [2026-09-23 14:16:13] [INFO] "GET /api/machine/all_positions?tool_id=CKPIC504&tool_name=PI+BF1%E9%9B%99%E5%B1%A4+ROLLER HTTP/1.1" 200 -
[15:11:25] [2026-09-23 14:16:13] [INFO] GET /api/machine/map_image
[15:11:25] [2026-09-23 14:16:14] [INFO] GET /api/machine/map_image
[15:11:25] [2026-09-23 14:16:41] [INFO] GET /api/search
[15:11:25] [2026-09-23 14:16:41] [INFO] "GET /api/search?dateFrom=2026-09-01&dateTo=2026-09-23&model=&station=PI+%E5%BE%8C&line=CKPIC100&tc=&level=&empId=&sheetId= HTTP/1.1" 200 -
[15:11:25] [2026-09-23 14:16:42] [INFO] POST /api/machine/match
[15:11:25] [2026-09-23 14:16:42] [FEOL/INFO] 機台比對：38 筆，tolerance=1.0cm
[15:11:25] [2026-09-23 14:16:42] [INFO] "POST /api/machine/match HTTP/1.1" 200 -
[15:11:25] [2026-09-23 14:16:42] [INFO] POST /api/check/isnew
[15:11:25] [2026-09-23 14:16:42] [INFO] "POST /api/check/isnew HTTP/1.1" 200 -
[15:11:25] [2026-09-23 14:16:46] [INFO] GET /api/machine/all_positions
[15:11:25] [2026-09-23 14:16:46] [INFO] "GET /api/machine/all_positions?tool_id=CKPIC103%7E203&tool_name=BPC+Oven HTTP/1.1" 200 -
[15:11:25] [2026-09-23 14:16:46] [INFO] GET /api/machine/all_positions
[15:11:25] [2026-09-23 14:16:46] [INFO] "GET /api/machine/all_positions?tool_id=CKPIC102%7E202&tool_name=PPIC HTTP/1.1" 200 -
[15:11:25] [2026-09-23 14:16:46] [INFO] GET /api/machine/all_positions
[15:11:25] [2026-09-23 14:16:46] [INFO] "GET /api/machine/all_positions?tool_id=CKPIT101&tool_name=PI+Offline+Exchanger HTTP/1.1" 200 -
[15:11:25] [2026-09-23 14:16:46] [INFO] GET /api/machine/all_positions
[15:11:25] [2026-09-23 14:16:46] [INFO] "GET /api/machine/all_positions?tool_id=CKPIC111%7E211&tool_name=PI+Unload HTTP/1.1" 200 -
[15:11:25] [2026-09-23 14:16:46] [INFO] GET /api/machine/all_positions
[15:11:25] [2026-09-23 14:16:46] [INFO] "GET /api/machine/all_positions?tool_id=CKPIC101%7E201&tool_name=PI+Load HTTP/1.1" 200 -
[15:11:25] [2026-09-23 14:16:46] [INFO] GET /api/machine/map_image
[15:11:25] [2026-09-23 14:16:47] [INFO] GET /api/machine/map_image
[15:11:25] [2026-09-23 14:16:47] [INFO] GET /api/machine/map_image
[15:11:25] [2026-09-23 15:11:24] [INFO] code 501, message Unsupported method ('HEAD')
[15:11:25] [2026-09-23 15:11:24] [INFO] "HEAD / HTTP/1.1" 501 -
[15:11:25] [2026-09-23 15:11:25] [INFO] GET /
[15:32:13] [2026-09-23 15:11:25] [INFO] "GET / HTTP/1.1" 200 -
[15:32:13] [2026-09-23 15:11:25] [INFO] HTML served: index.html
[15:32:13] [2026-09-23 15:11:25] [INFO] GET /common.js
[15:32:13] [2026-09-23 15:11:25] [INFO] "GET /common.js HTTP/1.1" 404 -
[15:32:13] [2026-09-23 15:14:13] [INFO] code 501, message Unsupported method ('HEAD')
[15:32:13] [2026-09-23 15:14:13] [INFO] "HEAD / HTTP/1.1" 501 -
[15:32:13] [2026-09-23 15:14:14] [INFO] GET /
[15:32:13] [2026-09-23 15:14:14] [INFO] "GET / HTTP/1.1" 200 -
[15:32:13] [2026-09-23 15:14:14] [INFO] HTML served: index.html
[15:32:13] [2026-09-23 15:14:14] [INFO] GET /common.js
[15:32:13] [2026-09-23 15:14:14] [INFO] "GET /common.js HTTP/1.1" 404 -
[15:32:13] [2026-09-23 15:15:29] [INFO] GET /
[15:32:13] [2026-09-23 15:15:29] [INFO] "GET / HTTP/1.1" 200 -
[15:32:13] [2026-09-23 15:15:29] [INFO] HTML served: index.html
[15:32:13] [2026-09-23 15:15:29] [INFO] GET /common.js
[15:32:13] [2026-09-23 15:15:29] [INFO] "GET /common.js HTTP/1.1" 404 -
[15:32:13] [2026-09-23 15:15:29] [INFO] GET /favicon.ico
[15:32:13] [2026-09-23 15:15:29] [INFO] "GET /favicon.ico HTTP/1.1" 404 -
[15:32:13] [2026-09-23 15:15:30] [INFO] GET /feol.html
[15:32:13] [2026-09-23 15:15:30] [INFO] "GET /feol.html HTTP/1.1" 200 -
[15:32:13] [2026-09-23 15:15:30] [INFO] HTML served: feol.html
[15:32:13] [2026-09-23 15:15:31] [INFO] GET /feol/feol.css
[15:32:13] [2026-09-23 15:15:31] [INFO] GET /feol/feol_keyin.js
[15:32:13] [2026-09-23 15:15:31] [INFO] GET /feol/feol_search.js
[15:32:13] [2026-09-23 15:15:31] [INFO] GET /feol/feol_common.js
[15:32:13] [2026-09-23 15:15:31] [INFO] GET /feol/feol_photo.js
[15:32:13] [2026-09-23 15:15:31] [INFO] GET /feol/feol_import.js
[15:32:13] [2026-09-23 15:15:31] [INFO] "GET /feol/feol.css HTTP/1.1" 200 -
[15:32:13] [2026-09-23 15:15:31] [INFO] Static served: feol/feol.css
[15:32:13] [2026-09-23 15:15:31] [INFO] "GET /feol/feol_keyin.js HTTP/1.1" 200 -
[15:32:13] [2026-09-23 15:15:31] [INFO] Static served: feol/feol_keyin.js
[15:32:13] [2026-09-23 15:15:31] [INFO] "GET /feol/feol_common.js HTTP/1.1" 200 -
[15:32:13] [2026-09-23 15:15:31] [INFO] Static served: feol/feol_common.js
[15:32:13] [2026-09-23 15:15:31] [INFO] "GET /feol/feol_search.js HTTP/1.1" 200 -
[15:32:13] [2026-09-23 15:15:31] [INFO] GET /feol/feol_mcmap.js
[15:32:13] [2026-09-23 15:15:31] [INFO] Static served: feol/feol_search.js
[15:32:13] [2026-09-23 15:15:31] [INFO] "GET /feol/feol_photo.js HTTP/1.1" 200 -
[15:32:13] [2026-09-23 15:15:31] [INFO] Static served: feol/feol_photo.js
[15:32:13] [2026-09-23 15:15:31] [INFO] "GET /feol/feol_import.js HTTP/1.1" 200 -
[15:32:13] [2026-09-23 15:15:31] [INFO] Static served: feol/feol_import.js
[15:32:13] [2026-09-23 15:15:31] [INFO] GET /feol/feol_summary.js
[15:32:13] [2026-09-23 15:15:31] [INFO] GET /feol/feol_bulkedit.js
[15:32:13] [2026-09-23 15:15:31] [INFO] "GET /feol/feol_mcmap.js HTTP/1.1" 200 -
[15:32:13] [2026-09-23 15:15:31] [INFO] Static served: feol/feol_mcmap.js
[15:32:13] [2026-09-23 15:15:31] [INFO] "GET /feol/feol_summary.js HTTP/1.1" 200 -
[15:32:13] [2026-09-23 15:15:31] [INFO] Static served: feol/feol_summary.js
[15:32:13] [2026-09-23 15:15:31] [INFO] "GET /feol/feol_bulkedit.js HTTP/1.1" 200 -
[15:32:13] [2026-09-23 15:15:31] [INFO] Static served: feol/feol_bulkedit.js
[15:32:13] [2026-09-23 15:15:32] [INFO] GET /api/summary/bg_image
[15:32:13] [2026-09-23 15:15:32] [INFO] "GET /api/summary/bg_image HTTP/1.1" 200 -
[15:32:13] [2026-09-23 15:15:32] [FEOL/INFO] ✅ Summary 底圖已送出
[15:32:13] [2026-09-23 15:15:32] [INFO] GET /api/search
[15:32:13] [2026-09-23 15:15:32] [INFO] "GET /api/search?dateFrom=2026-09-18&dateTo=2026-09-23&model=&station=&line=&tc=&level=&empId=&sheetId= HTTP/1.1" 200 -
[15:32:13] [2026-09-23 15:15:32] [INFO] POST /api/machine/match
[15:32:13] [2026-09-23 15:15:32] [FEOL/INFO] 機台比對：506 筆，tolerance=1.0cm
[15:32:13] [2026-09-23 15:15:32] [INFO] POST /api/check/isnew
[15:32:13] [2026-09-23 15:15:32] [INFO] "POST /api/machine/match HTTP/1.1" 200 -
[15:32:13] [2026-09-23 15:15:33] [INFO] "POST /api/check/isnew HTTP/1.1" 200 -
[15:32:13] [2026-09-23 15:28:04] [INFO] GET /
[15:32:13] [2026-09-23 15:28:04] [INFO] "GET / HTTP/1.1" 200 -
[15:32:13] [2026-09-23 15:28:04] [INFO] HTML served: index.html
[15:32:13] [2026-09-23 15:28:04] [INFO] GET /common.js
[15:32:13] [2026-09-23 15:28:04] [INFO] "GET /common.js HTTP/1.1" 404 -
[15:32:13] [2026-09-23 15:28:04] [INFO] GET /favicon.ico
[15:32:13] [2026-09-23 15:28:04] [INFO] "GET /favicon.ico HTTP/1.1" 404 -
[15:32:13] [2026-09-23 15:28:06] [INFO] GET /feol.html
[15:32:13] [2026-09-23 15:28:06] [INFO] "GET /feol.html HTTP/1.1" 200 -
[15:32:13] [2026-09-23 15:28:06] [INFO] HTML served: feol.html
[15:32:13] [2026-09-23 15:28:06] [INFO] GET /feol/feol.css
[15:32:13] [2026-09-23 15:28:06] [INFO] GET /feol/feol_common.js
[15:32:13] [2026-09-23 15:28:06] [INFO] GET /feol/feol_keyin.js
[15:32:13] [2026-09-23 15:28:06] [INFO] GET /feol/feol_photo.js
[15:32:13] [2026-09-23 15:28:06] [INFO] GET /feol/feol_search.js
[15:32:13] [2026-09-23 15:28:06] [INFO] GET /feol/feol_import.js
[15:32:13] [2026-09-23 15:28:06] [INFO] "GET /feol/feol_common.js HTTP/1.1" 200 -
[15:32:13] [2026-09-23 15:28:06] [INFO] Static served: feol/feol_common.js
[15:32:13] [2026-09-23 15:28:06] [INFO] "GET /feol/feol_keyin.js HTTP/1.1" 200 -
[15:32:13] [2026-09-23 15:28:06] [INFO] Static served: feol/feol_keyin.js
[15:32:13] [2026-09-23 15:28:06] [INFO] "GET /feol/feol_import.js HTTP/1.1" 200 -
[15:32:13] [2026-09-23 15:28:06] [INFO] Static served: feol/feol_import.js
[15:32:13] [2026-09-23 15:28:06] [INFO] GET /feol/feol_summary.js
[15:32:13] [2026-09-23 15:28:06] [INFO] "GET /feol/feol.css HTTP/1.1" 200 -
[15:32:13] [2026-09-23 15:28:06] [INFO] Static served: feol/feol.css
[15:32:13] [2026-09-23 15:28:06] [INFO] "GET /feol/feol_photo.js HTTP/1.1" 200 -
[15:32:13] [2026-09-23 15:28:06] [INFO] Static served: feol/feol_photo.js
[15:32:13] [2026-09-23 15:28:06] [INFO] "GET /feol/feol_search.js HTTP/1.1" 200 -
[15:32:13] [2026-09-23 15:28:06] [INFO] Static served: feol/feol_search.js
[15:32:13] [2026-09-23 15:28:06] [INFO] "GET /feol/feol_summary.js HTTP/1.1" 200 -
[15:32:13] [2026-09-23 15:28:06] [INFO] Static served: feol/feol_summary.js
[15:32:13] [2026-09-23 15:28:06] [INFO] GET /feol/feol_mcmap.js
[15:32:13] [2026-09-23 15:28:06] [INFO] "GET /feol/feol_mcmap.js HTTP/1.1" 200 -
[15:32:13] [2026-09-23 15:28:06] [INFO] Static served: feol/feol_mcmap.js
[15:32:13] [2026-09-23 15:28:06] [INFO] GET /feol/feol_bulkedit.js
[15:32:13] [2026-09-23 15:28:06] [INFO] "GET /feol/feol_bulkedit.js HTTP/1.1" 200 -
[15:32:13] [2026-09-23 15:28:06] [INFO] Static served: feol/feol_bulkedit.js
[15:32:13] [2026-09-23 15:28:07] [INFO] GET /api/summary/bg_image
[15:32:13] [2026-09-23 15:28:07] [INFO] "GET /api/summary/bg_image HTTP/1.1" 200 -
[15:32:13] [2026-09-23 15:28:07] [FEOL/INFO] ✅ Summary 底圖已送出
[15:32:13] [2026-09-23 15:28:08] [INFO] GET /api/search
[15:32:13] [2026-09-23 15:28:08] [INFO] "GET /api/search?dateFrom=2026-09-18&dateTo=2026-09-23&model=&station=&line=&tc=&level=&empId=&sheetId= HTTP/1.1" 200 -
[15:32:13] [2026-09-23 15:28:08] [INFO] GET /api/photo
[15:32:13] [2026-09-23 15:28:08] [INFO] GET /api/photo
[15:32:13] [2026-09-23 15:28:08] [INFO] GET /api/photo
[15:32:13] [2026-09-23 15:28:08] [INFO] GET /api/photo
[15:32:13] [2026-09-23 15:28:08] [INFO] GET /api/photo
[15:32:13] [2026-09-23 15:28:08] [INFO] GET /api/photo
[15:32:13] [2026-09-23 15:28:08] [INFO] "GET /api/photo?path=%5C%5CTW100049089%5Cml8bc1%5C%E9%80%90%E7%AB%99%E6%AA%A2%E8%B3%87%E6%96%99%5Cpic%5C20260923_T650QVR08_ST_T_X0_Y34_paste1.png HTTP/1.1" 200 -
[15:32:13] [2026-09-23 15:28:08] [INFO] "GET /api/photo?path=%5C%5CTW100049089%5Cml8bc1%5C%E9%80%90%E7%AB%99%E6%AA%A2%E8%B3%87%E6%96%99%5Cpic%5C20260923_T650QVR08_ST_T_X0_Y101_paste1.png HTTP/1.1" 200 -
[15:32:13] [2026-09-23 15:28:08] [INFO] "GET /api/photo?path=%5C%5CTW100049089%5Cml8bc1%5C%E9%80%90%E7%AB%99%E6%AA%A2%E8%B3%87%E6%96%99%5Cpic%5C20260923_T650QVR08_ST_T_X0_Y68_paste1.png HTTP/1.1" 200 -
[15:32:13] [2026-09-23 15:28:08] [INFO] "GET /api/photo?path=%5C%5CTW100049089%5Cml8bc1%5C%E9%80%90%E7%AB%99%E6%AA%A2%E8%B3%87%E6%96%99%5Cpic%5C20260923_T650QVR08_ST_T_X0_Y17_paste1.png HTTP/1.1" 200 -
[15:32:13] [2026-09-23 15:28:08] [INFO] "GET /api/photo?path=%5C%5CTW100049089%5Cml8bc1%5C%E9%80%90%E7%AB%99%E6%AA%A2%E8%B3%87%E6%96%99%5Cpic%5C20260923_T650QVR08_ST_T_X0_Y85_paste1.png HTTP/1.1" 200 -
[15:32:13] [2026-09-23 15:28:08] [INFO] "GET /api/photo?path=%5C%5CTW100049089%5Cml8bc1%5C%E9%80%90%E7%AB%99%E6%AA%A2%E8%B3%87%E6%96%99%5Cpic%5C20260923_T650QVR08_ST_T_X0_Y50_paste1.png HTTP/1.1" 200 -
[15:32:13] [2026-09-23 15:28:08] [INFO] POST /api/machine/match
[15:32:13] [2026-09-23 15:28:08] [FEOL/INFO] 機台比對：522 筆，tolerance=1.0cm
[15:32:13] [2026-09-23 15:28:08] [INFO] POST /api/check/isnew
[15:32:13] [2026-09-23 15:28:08] [INFO] "POST /api/machine/match HTTP/1.1" 200 -
[15:32:13] [2026-09-23 15:28:09] [INFO] "POST /api/check/isnew HTTP/1.1" 200 -
[15:32:13] [2026-09-23 15:28:24] [INFO] POST /api/update
[15:32:13] [2026-09-23 15:28:24] [INFO] "POST /api/update HTTP/1.1" 200 -
[15:32:13] [2026-09-23 15:28:34] [INFO] POST /api/update
[15:32:13] [2026-09-23 15:28:34] [INFO] "POST /api/update HTTP/1.1" 200 -
[15:32:13] [2026-09-23 15:32:13] [INFO] GET /
[15:32:13] [2026-09-23 15:32:13] [INFO] "GET / HTTP/1.1" 200 -
[15:52:11] [2026-09-23 15:32:13] [INFO] HTML served: index.html[2026-09-23 15:32:13] [INFO] GET /common.js
[15:52:11] [2026-09-23 15:32:13] [INFO] "GET /common.js HTTP/1.1" 404 -
[15:52:11] 
[15:52:11] [2026-09-23 15:32:14] [INFO] GET /feol.html
[15:52:11] [2026-09-23 15:32:14] [INFO] "GET /feol.html HTTP/1.1" 200 -
[15:52:11] [2026-09-23 15:32:14] [INFO] HTML served: feol.html
[15:52:11] [2026-09-23 15:32:14] [INFO] GET /feol/feol.css
[15:52:11] [2026-09-23 15:32:14] [INFO] GET /feol/feol_common.js
[15:52:11] [2026-09-23 15:32:14] [INFO] GET /feol/feol_keyin.js
[15:52:11] [2026-09-23 15:32:14] [INFO] GET /feol/feol_search.js
[15:52:11] [2026-09-23 15:32:14] [INFO] GET /feol/feol_photo.js
[15:52:11] [2026-09-23 15:32:14] [INFO] GET /feol/feol_import.js
[15:52:11] [2026-09-23 15:32:14] [INFO] "GET /feol/feol.css HTTP/1.1" 200 -
[15:52:11] [2026-09-23 15:32:14] [INFO] Static served: feol/feol.css
[15:52:11] [2026-09-23 15:32:14] [INFO] "GET /feol/feol_common.js HTTP/1.1" 200 -
[15:52:11] [2026-09-23 15:32:14] [INFO] Static served: feol/feol_common.js
[15:52:11] [2026-09-23 15:32:14] [INFO] GET /feol/feol_summary.js
[15:52:11] [2026-09-23 15:32:14] [INFO] "GET /feol/feol_keyin.js HTTP/1.1" 200 -
[15:52:11] [2026-09-23 15:32:14] [INFO] "GET /feol/feol_search.js HTTP/1.1" 200 -
[15:52:11] [2026-09-23 15:32:14] [INFO] Static served: feol/feol_keyin.js
[15:52:11] [2026-09-23 15:32:14] [INFO] Static served: feol/feol_search.js
[15:52:11] [2026-09-23 15:32:14] [INFO] GET /feol/feol_mcmap.js
[15:52:11] [2026-09-23 15:32:14] [INFO] "GET /feol/feol_photo.js HTTP/1.1" 200 -
[15:52:11] [2026-09-23 15:32:14] [INFO] Static served: feol/feol_photo.js
[15:52:11] [2026-09-23 15:32:14] [INFO] "GET /feol/feol_import.js HTTP/1.1" 200 -
[15:52:11] [2026-09-23 15:32:14] [INFO] Static served: feol/feol_import.js
[15:52:11] [2026-09-23 15:32:14] [INFO] GET /feol/feol_bulkedit.js
[15:52:11] [2026-09-23 15:32:14] [INFO] "GET /feol/feol_summary.js HTTP/1.1" 200 -
[15:52:11] [2026-09-23 15:32:14] [INFO] Static served: feol/feol_summary.js
[15:52:11] [2026-09-23 15:32:14] [INFO] "GET /feol/feol_mcmap.js HTTP/1.1" 200 -
[15:52:11] [2026-09-23 15:32:14] [INFO] Static served: feol/feol_mcmap.js
[15:52:11] [2026-09-23 15:32:14] [INFO] "GET /feol/feol_bulkedit.js HTTP/1.1" 200 -
[15:52:11] [2026-09-23 15:32:14] [INFO] Static served: feol/feol_bulkedit.js
[15:52:11] [2026-09-23 15:32:15] [INFO] GET /api/search
[15:52:11] [2026-09-23 15:32:16] [INFO] "GET /api/search?dateFrom=2026-09-18&dateTo=2026-09-23&model=&station=&line=&tc=&level=&empId=&sheetId= HTTP/1.1" 200 -
[15:52:11] [2026-09-23 15:32:16] [INFO] GET /api/photo
[15:52:11] [2026-09-23 15:32:16] [INFO] GET /api/photo
[15:52:11] [2026-09-23 15:32:16] [INFO] GET /api/photo
[15:52:11] [2026-09-23 15:32:16] [INFO] GET /api/photo
[15:52:11] [2026-09-23 15:32:16] [INFO] GET /api/photo
[15:52:11] [2026-09-23 15:32:16] [INFO] GET /api/photo
[15:52:11] [2026-09-23 15:32:16] [INFO] "GET /api/photo?path=%5C%5CTW100049089%5Cml8bc1%5C%E9%80%90%E7%AB%99%E6%AA%A2%E8%B3%87%E6%96%99%5Cpic%5C20260923_T650QVR08_ST_T_X0_Y17_paste1.png HTTP/1.1" 200 -
[15:52:11] [2026-09-23 15:32:16] [INFO] "GET /api/photo?path=%5C%5CTW100049089%5Cml8bc1%5C%E9%80%90%E7%AB%99%E6%AA%A2%E8%B3%87%E6%96%99%5Cpic%5C20260923_T650QVR08_ST_T_X0_Y101_paste1.png HTTP/1.1" 200 -
[15:52:11] [2026-09-23 15:32:16] [INFO] "GET /api/photo?path=%5C%5CTW100049089%5Cml8bc1%5C%E9%80%90%E7%AB%99%E6%AA%A2%E8%B3%87%E6%96%99%5Cpic%5C20260923_T650QVR08_ST_T_X0_Y85_paste1.png HTTP/1.1" 200 -
[15:52:11] [2026-09-23 15:32:16] [INFO] "GET /api/photo?path=%5C%5CTW100049089%5Cml8bc1%5C%E9%80%90%E7%AB%99%E6%AA%A2%E8%B3%87%E6%96%99%5Cpic%5C20260923_T650QVR08_ST_T_X0_Y34_paste1.png HTTP/1.1" 200 -
[15:52:11] [2026-09-23 15:32:16] [INFO] "GET /api/photo?path=%5C%5CTW100049089%5Cml8bc1%5C%E9%80%90%E7%AB%99%E6%AA%A2%E8%B3%87%E6%96%99%5Cpic%5C20260923_T650QVR08_ST_T_X0_Y68_paste1.png HTTP/1.1" 200 -
[15:52:11] [2026-09-23 15:32:16] [INFO] "GET /api/photo?path=%5C%5CTW100049089%5Cml8bc1%5C%E9%80%90%E7%AB%99%E6%AA%A2%E8%B3%87%E6%96%99%5Cpic%5C20260923_T650QVR08_ST_T_X0_Y50_paste1.png HTTP/1.1" 200 -
[15:52:11] [2026-09-23 15:32:16] [INFO] POST /api/machine/match
[15:52:11] [2026-09-23 15:32:16] [FEOL/INFO] 機台比對：522 筆，tolerance=1.0cm
[15:52:11] [2026-09-23 15:32:16] [INFO] "POST /api/machine/match HTTP/1.1" 200 -
[15:52:11] [2026-09-23 15:32:16] [INFO] POST /api/check/isnew
[15:52:11] [2026-09-23 15:32:16] [INFO] "POST /api/check/isnew HTTP/1.1" 200 -
[15:52:11] [2026-09-23 15:32:26] [INFO] GET /api/search
[15:52:11] [2026-09-23 15:32:26] [INFO] "GET /api/search?dateFrom=2026-09-23&dateTo=2026-09-23&model=&station=&line=&tc=&level=&empId=&sheetId= HTTP/1.1" 200 -
[15:52:11] [2026-09-23 15:32:27] [INFO] POST /api/machine/match
[15:52:11] [2026-09-23 15:32:27] [FEOL/INFO] 機台比對：16 筆，tolerance=1.0cm
[15:52:11] [2026-09-23 15:32:27] [INFO] "POST /api/machine/match HTTP/1.1" 200 -
[15:52:11] [2026-09-23 15:32:27] [INFO] POST /api/check/isnew
[15:52:11] [2026-09-23 15:32:27] [INFO] "POST /api/check/isnew HTTP/1.1" 200 -
[15:52:11] [2026-09-23 15:32:48] [INFO] POST /api/bulk_update
[15:52:11] [2026-09-23 15:32:51] [INFO] "POST /api/bulk_update HTTP/1.1" 200 -
[15:52:11] [2026-09-23 15:32:51] [INFO] GET /api/search
[15:52:11] [2026-09-23 15:32:51] [INFO] "GET /api/search?dateFrom=2026-09-23&dateTo=2026-09-23&model=&station=&line=&tc=&level=&empId=&sheetId= HTTP/1.1" 200 -
[15:52:11] [2026-09-23 15:32:51] [INFO] POST /api/machine/match
[15:52:11] [2026-09-23 15:32:51] [FEOL/INFO] 機台比對：16 筆，tolerance=1.0cm
[15:52:11] [2026-09-23 15:32:51] [INFO] "POST /api/machine/match HTTP/1.1" 200 -
[15:52:11] [2026-09-23 15:32:51] [INFO] POST /api/check/isnew
[15:52:11] [2026-09-23 15:32:51] [INFO] "POST /api/check/isnew HTTP/1.1" 200 -
[15:52:11] [2026-09-23 15:33:30] [INFO] code 501, message Unsupported method ('HEAD')
[15:52:11] [2026-09-23 15:33:30] [INFO] "HEAD / HTTP/1.1" 501 -
[15:52:11] [2026-09-23 15:33:31] [INFO] GET /
[15:52:11] [2026-09-23 15:33:31] [INFO] "GET / HTTP/1.1" 200 -
[15:52:11] [2026-09-23 15:33:31] [INFO] HTML served: index.html
[15:52:11] [2026-09-23 15:33:31] [INFO] GET /common.js
[15:52:11] [2026-09-23 15:33:31] [INFO] "GET /common.js HTTP/1.1" 404 -
[15:52:11] [2026-09-23 15:46:28] [INFO] code 501, message Unsupported method ('HEAD')
[15:52:11] [2026-09-23 15:46:28] [INFO] "HEAD / HTTP/1.1" 501 -
[15:52:11] [2026-09-23 15:46:29] [INFO] GET /
[15:52:11] [2026-09-23 15:46:29] [INFO] "GET / HTTP/1.1" 200 -
[15:52:11] [2026-09-23 15:46:29] [INFO] HTML served: index.html
[15:52:11] [2026-09-23 15:46:29] [INFO] GET /common.js
[15:52:11] [2026-09-23 15:46:29] [INFO] "GET /common.js HTTP/1.1" 404 -
[15:52:11] [2026-09-23 15:50:41] [INFO] GET /
[15:52:11] [2026-09-23 15:50:41] [INFO] "GET / HTTP/1.1" 200 -
[15:52:11] [2026-09-23 15:50:41] [INFO] HTML served: index.html
[15:52:11] [2026-09-23 15:50:41] [INFO] GET /common.js
[15:52:11] [2026-09-23 15:50:41] [INFO] "GET /common.js HTTP/1.1" 404 -
[15:52:11] [2026-09-23 15:50:41] [INFO] GET /favicon.ico
[15:52:11] [2026-09-23 15:50:41] [INFO] "GET /favicon.ico HTTP/1.1" 404 -
[15:52:11] [2026-09-23 15:52:09] [INFO] GET /feol.html
[15:52:11] [2026-09-23 15:52:09] [INFO] "GET /feol.html HTTP/1.1" 200 -
[15:52:11] [2026-09-23 15:52:09] [INFO] HTML served: feol.html
[15:52:11] [2026-09-23 15:52:09] [INFO] GET /feol/feol.css
[15:52:11] [2026-09-23 15:52:09] [INFO] GET /feol/feol_keyin.js
[15:52:11] [2026-09-23 15:52:09] [INFO] GET /feol/feol_common.js
[15:52:11] [2026-09-23 15:52:09] [INFO] GET /feol/feol_photo.js
[15:52:11] [2026-09-23 15:52:09] [INFO] GET /feol/feol_import.js
[15:52:11] [2026-09-23 15:52:09] [INFO] GET /feol/feol_search.js
[15:52:11] [2026-09-23 15:52:09] [INFO] "GET /feol/feol_common.js HTTP/1.1" 200 -
[15:52:11] [2026-09-23 15:52:09] [INFO] Static served: feol/feol_common.js
[15:52:11] [2026-09-23 15:52:09] [INFO] "GET /feol/feol_keyin.js HTTP/1.1" 200 -
[15:52:11] [2026-09-23 15:52:09] [INFO] Static served: feol/feol_keyin.js
[15:52:11] [2026-09-23 15:52:09] [INFO] "GET /feol/feol.css HTTP/1.1" 200 -
[15:52:11] [2026-09-23 15:52:09] [INFO] Static served: feol/feol.css
[15:52:11] [2026-09-23 15:52:09] [INFO] GET /feol/feol_summary.js
[15:52:11] [2026-09-23 15:52:09] [INFO] "GET /feol/feol_photo.js HTTP/1.1" 200 -
[15:52:11] [2026-09-23 15:52:09] [INFO] Static served: feol/feol_photo.js
[15:52:11] [2026-09-23 15:52:09] [INFO] GET /feol/feol_mcmap.js
[15:52:11] [2026-09-23 15:52:09] [INFO] "GET /feol/feol_import.js HTTP/1.1" 200 -
[15:52:11] [2026-09-23 15:52:09] [INFO] Static served: feol/feol_import.js
[15:52:11] [2026-09-23 15:52:09] [INFO] GET /feol/feol_bulkedit.js
[15:52:11] [2026-09-23 15:52:09] [INFO] "GET /feol/feol_search.js HTTP/1.1" 200 -
[15:52:11] [2026-09-23 15:52:09] [INFO] Static served: feol/feol_search.js
[15:52:11] [2026-09-23 15:52:09] [INFO] "GET /feol/feol_summary.js HTTP/1.1" 200 -
[15:52:11] [2026-09-23 15:52:09] [INFO] Static served: feol/feol_summary.js
[15:52:11] [2026-09-23 15:52:09] [INFO] "GET /feol/feol_mcmap.js HTTP/1.1" 200 -
[15:52:11] [2026-09-23 15:52:09] [INFO] Static served: feol/feol_mcmap.js
[15:52:11] [2026-09-23 15:52:09] [INFO] "GET /feol/feol_bulkedit.js HTTP/1.1" 200 -
[15:52:11] [2026-09-23 15:52:09] [INFO] Static served: feol/feol_bulkedit.js
[15:52:11] [2026-09-23 15:52:11] [INFO] GET /api/summary/bg_image
